year,sem,city,humidity,winddir,tempmax,tempmin,temp,feelslikemax,dew,feelslike,feelslikemin,windspeed,visibility,moonphase,cloudcover,hec,production
2009,1,Ampara,77.20870588,142.9105882,30.31411765,24.91411765,27.86294118,35.09411765,23.32176471,31.04117647,25.49352941,8.364117647,19.76823529,0.529705882,48.94882353,381,3628
2019,2,Ampara,75.47069182,167.5264151,31.03522013,25.16855346,28.26855346,35.62641509,23.25283019,31.18176101,25.41823899,9.28427673,19.49371069,0.480377358,58.31509434,206,3722
2010,1,Ampara,78.12602273,144.2909091,30.84090909,25.21761364,28.28806818,36.56477273,23.97443182,32.12556818,25.82670455,9.828409091,19.34261364,0.523636364,50.87443182,175,1918
2010,2,Ampara,78.68966292,178.1775281,30.53595506,24.65561798,27.71797753,35.21011236,23.48089888,30.42808989,24.73876404,9.749438202,18.91966292,0.523988764,64.50842697,163,2477
2011,1,Ampara,80.79341176,170.7694118,29.89823529,24.33882353,27.32235294,34.38705882,23.54470588,29.97470588,24.50117647,11.22352941,18.38058824,0.532941176,58.03352941,171,2601
2011,2,Ampara,78.11903955,164.2423729,30.65028249,24.71129944,27.74180791,35.21525424,23.38587571,30.44180791,24.82824859,10.47288136,18.7920904,0.504971751,62.15367232,188,2861
2012,1,Ampara,76.42909091,144.9767045,30.82556818,24.44147727,27.94602273,35.4875,23.20795455,30.87613636,24.60454545,11.76193182,18.93579545,0.510625,51.07329545,110,1454
2012,2,Ampara,77.32296089,164.5083799,30.61731844,24.76368715,27.79944134,34.9877095,23.24581006,30.42793296,24.81117318,11.65865922,18.47765363,0.526703911,61.37150838,111,1491
2013,1,Ampara,78.67811429,175.688,30.62914286,24.73771429,27.89657143,35.78914286,23.66514286,31.09314286,24.96914286,9.736,18.78,0.512342857,56.244,76,1001
2013,2,Ampara,77.38005587,196.1513966,30.51340782,24.55251397,27.6726257,34.86871508,23.1726257,30.21675978,24.56815642,10.26703911,18.81340782,0.538882682,60.88324022,135,1905
2014,1,Ampara,78.34235632,159.0908046,30.68505747,24.68850575,27.9183908,35.91954023,23.63390805,31.14827586,24.92356322,10.12758621,19.14770115,0.50045977,48.81724138,117,1253
2014,2,Ampara,78.5498324,189.1659218,30.62905028,24.68826816,27.66592179,35.12513966,23.35139665,30.12681564,24.79385475,10.42625698,19.09776536,0.516759777,64.0547486,573,5078
2015,1,Ampara,79.43494318,171.4880682,30.56647727,24.84772727,27.87897727,36.04261364,23.84715909,31.17045455,25.24204545,10.27329545,19.66193182,0.512897727,49.26647727,100,1176
2015,2,Ampara,78.96359551,179.2516854,30.86516854,26.08370787,28.28764045,36.20393258,24.09269663,31.76629213,26.86067416,10.28258427,19.48426966,0.520898876,58.23988764,793,15188
2016,1,Ampara,76.09647727,150.5579545,31.30738636,26.60909091,28.93125,37.06818182,24.1375,33.38465909,28.78125,11.47840909,19.76193182,0.526306818,48.30340909,793,15188
2016,2,Ampara,75.01564972,190.6367232,31.26214689,25.99039548,28.47966102,35.92881356,23.41355932,31.71581921,26.87683616,10.53446328,19.78757062,0.517175141,50.83220339,234,1962
2017,1,Ampara,76.99885714,172.3342857,30.83428571,24.86742857,28.00685714,35.89314286,23.42742857,31.25714286,25.24571429,11.45314286,19.75428571,0.517485714,44.36228571,96,1326
2017,2,Ampara,79.69011299,201.2621469,30.61864407,24.85367232,27.70112994,35.61016949,23.68022599,30.50960452,25.19887006,9.577966102,19.56949153,0.501186441,58.4779661,72,1887
2018,1,Ampara,79.39755682,190.9545455,30.25965909,24.37840909,27.47840909,35.06988636,23.43238636,30.1875,24.44943182,10.40284091,19.65965909,0.528636364,55.15625,141,3570
2018,2,Ampara,77.42710059,192.708284,30.35088757,25.30059172,27.81656805,34.74733728,23.2852071,30.49704142,25.77455621,10.33550296,19.58579882,0.515029586,60.42485207,94,2320
2009,1,Anuradhapura,76.98376471,153.2311765,30.61941176,24.49941176,27.54058824,34.73647059,22.76529412,29.86764706,24.79764706,6.389411765,16.62588235,0.527058824,48.82705882,523,3892
2019,2,Anuradhapura,77.5756051,183.1095541,31.46815287,24.75350318,27.64968153,35.48726115,22.99426752,29.51910828,24.81019108,6.998089172,15.81783439,0.477834395,61.51783439,504,2498
2010,1,Anuradhapura,78.14862857,155.0268571,32.60914286,24.47371429,27.956,37.87371429,23.42057143,30.81542857,24.68171429,6.358857143,16.204,0.520914286,50.21428571,400,2141
2010,2,Anuradhapura,81.50288136,196.3067797,30.8259887,24.38418079,26.94293785,35.11581921,23.25536723,28.69491525,24.38418079,7.007344633,16.18926554,0.522881356,69.58644068,452,3141
2011,1,Anuradhapura,79.59245614,164.3614035,31.33859649,24.20350877,27.22865497,35.21754386,23.04269006,29.25730994,24.30292398,5.356725146,15.23976608,0.53251462,56.85906433,474,3704
2011,2,Anuradhapura,77.99853107,216.1937853,31.71920904,24.60677966,27.54293785,35.65932203,22.9920904,29.40734463,24.60677966,6.145762712,15.25028249,0.504971751,64.78022599,339,2697
2012,1,Anuradhapura,76.716875,172.1607955,32.21193182,24.17386364,27.60681818,36.34318182,22.78125,29.77045455,24.30170455,7.39375,15.42784091,0.510625,45.18920455,269,2198
2012,2,Anuradhapura,77.62743017,214.5972067,32.0698324,24.62513966,27.67597765,36.1547486,23.00614525,29.62067039,24.63910615,6.955307263,15.08547486,0.526703911,59.96424581,304,1998
2013,1,Anuradhapura,79.16314286,246.7194286,31.56971429,24.62285714,27.56571429,36.18971429,23.34914286,29.99028571,24.77828571,6.908571429,17.54342857,0.512342857,58.31657143,305,2293
2013,2,Anuradhapura,77.61687151,204.777095,31.44581006,24.36424581,27.24301676,35.15363128,22.6603352,28.90111732,24.36424581,7.138547486,19.97206704,0.538882682,64.48435754,339,2697
2014,1,Anuradhapura,77.71867816,146.9367816,32.25057471,24.14482759,27.55172414,36.5862069,22.91206897,29.88908046,24.34367816,6.129885057,19.91494253,0.50045977,52.42298851,263,1307
2014,2,Anuradhapura,80.60379888,190.7217877,31.22067039,24.71117318,27.29162011,35.33072626,23.3424581,29.19162011,24.77150838,6.781005587,19.77039106,0.516759777,70.86536313,248,1211
2015,1,Anuradhapura,78.76022727,141.9420455,31.82840909,24.38579545,27.56136364,36.56022727,23.24488636,29.99943182,24.58693182,6.709090909,19.87727273,0.512897727,53.55284091,341,1910
2015,2,Anuradhapura,80.47775281,186.0292135,31.53202247,24.95224719,27.60337079,36.41123596,23.64606742,29.83932584,25.03539326,6.84494382,19.9005618,0.520898876,66.38033708,201,1225
2016,1,Anuradhapura,77.45937143,150.508,32.636,24.944,28.21028571,37.44342857,23.51028571,31.016,25.29942857,6.327428571,19.94514286,0.525771429,52.26228571,268,1682
2016,2,Anuradhapura,76.27163842,196.0870056,31.92881356,24.71581921,27.60621469,35.77231638,22.69943503,29.43898305,24.74632768,7.24180791,19.92655367,0.517175141,60.59661017,223,1159
2017,1,Anuradhapura,77.429375,171.9306818,32.24545455,24.05170455,27.52840909,36.43693182,22.82897727,29.96931818,24.18920455,5.826704545,19.90340909,0.519147727,47.72386364,194,1322
2017,2,Anuradhapura,80.275,208.8354651,31.53139535,24.76511628,27.50755814,36.27674419,23.51162791,29.73023256,24.86860465,5.629651163,19.82965116,0.496104651,61.60581395,205,1164
2018,1,Anuradhapura,78.94926136,157.53125,31.88409091,23.73806818,27.16818182,36.30738636,22.84431818,29.24545455,23.73806818,5.060795455,19.85965909,0.528636364,53.84375,243,1881
2018,2,Anuradhapura,78.51475904,187.710241,31.01807229,24.95722892,27.4753012,34.98433735,23.09036145,29.4439759,25.18493976,4.877108434,19.80662651,0.516325301,64.05361446,220,1753
2009,1,Badulla,77.99658824,210.4917647,26.62882353,16.75352941,21.62176471,27.66941176,17.19235294,21.96705882,16.75235294,8.430588235,17.94235294,0.528882353,52.42764706,460,3770
2019,2,Badulla,79.607625,201.533125,27.605,16.88875,22.145,28.39,17.94625,22.37875,16.88875,10.13,16.15625,0.48375,64.689375,493,4302
2010,1,Badulla,81.88528409,196.9607955,27.70454545,16.63011364,22.05852273,29.53352273,18.51022727,22.48806818,16.63011364,9.720454545,15.42840909,0.523636364,54.37727273,462,3935
2010,2,Badulla,82.11853933,196.2039326,27.38595506,16.60786517,21.7758427,28.43876404,18.25280899,21.98707865,16.60786517,11.32865169,13.27359551,0.523988764,71.15955056,370,3341
2011,1,Badulla,82.85906433,179.0526316,26.83391813,16.1502924,21.33216374,28.00116959,17.93918129,21.58538012,16.1502924,9.456140351,12.58479532,0.53251462,59.73391813,437,3672
2011,2,Badulla,80.49559322,179.5847458,27.63841808,16.48644068,21.86497175,28.48079096,17.93841808,22.0559322,16.48644068,11.65084746,13.26440678,0.504971751,68.9259887,481,4039
2012,1,Badulla,77.61630682,154.6318182,28.02272727,15.65568182,21.66477273,29.14090909,17.14375,21.90511364,15.65568182,10.81988636,13.69147727,0.510625,56.28579545,536,4217
2012,2,Badulla,79.58223464,162.2044693,28.00614525,16.60502793,22.0396648,28.89553073,17.87374302,22.21396648,16.60502793,10.70335196,12.37150838,0.526703911,68.21955307,396,2461
2013,1,Badulla,83.82782857,179.84,27.11085714,16.15314286,21.572,28.556,18.48342857,21.868,16.15314286,9.540571429,12.77142857,0.512342857,61.996,350,2236
2013,2,Badulla,81.04625698,232.2681564,27.22346369,16.09553073,21.59497207,28.07821229,17.86759777,21.77039106,16.09553073,11.04748603,12.57150838,0.538882682,69.49217877,481,4039
2014,1,Badulla,80.0483908,208.5574713,27.54827586,16.0045977,21.6862069,28.82011494,17.75,21.97988506,16.0045977,10.09827586,15.11954023,0.50045977,56.55804598,266,2939
2014,2,Badulla,81.89631285,210.7430168,27.53854749,16.81284916,21.89273743,28.34134078,18.22290503,22.0547486,16.81284916,11.18435754,15.12346369,0.516759777,71.17597765,282,2845
2015,1,Badulla,82.81221591,199.9727273,27.27329545,15.80852273,21.31875,28.70681818,18.00340909,21.6125,15.80852273,11.19772727,17.37727273,0.512897727,52.12102273,308,3318
2015,2,Badulla,84.34325843,218.105618,27.65561798,16.59382022,21.29157303,28.92640449,18.25674157,21.58932584,16.59382022,9.943820225,16.84719101,0.520898876,65.4252809,278,2773
2016,1,Badulla,78.87278409,205.5602273,28.19090909,16.10795455,21.59772727,29.64090909,17.34431818,21.96420455,16.10795455,10.59545455,17.61988636,0.526306818,50.83011364,307,2737
2016,2,Badulla,78.80801136,229.0113636,28.17045455,16.1875,21.275,28.97613636,16.96534091,21.46704545,16.1875,9.256818182,17.41988636,0.516079545,59.28636364,307,2737
2017,1,Badulla,79.17607955,200.5170455,27.62159091,15.4875,21.30340909,28.90738636,17.15170455,21.61875,15.4875,7.85,17.32102273,0.519147727,50.92670455,371,2812
2017,2,Badulla,81.87468927,218.9435028,27.84745763,16.9519774,22.15988701,29.12655367,18.58757062,22.46158192,16.9519774,8.571751412,16.7259887,0.501186441,66.26723164,352,5999
2018,1,Badulla,82.46494318,198.4431818,27.35227273,15.96931818,21.5875,28.73693182,18.20397727,21.87045455,15.96931818,8.960795455,17.31988636,0.528636364,57.86363636,546,3926
2018,2,Badulla,80.93017647,199.9482353,26.90294118,17.53294118,22.14294118,27.80529412,18.37529412,22.36529412,17.54882353,8.661176471,17.12764706,0.514588235,64.67235294,304,1538
2009,1,Batticaloa,77.82447853,132.3368098,30.84233129,25.95705521,28.47668712,36.90674847,24.06564417,32.54417178,27.24785276,9.525766871,20,0.526993865,44.64785276,142,639
2019,2,Batticaloa,75.00477707,144.5636943,31.77707006,26.30636943,28.98216561,37.30955414,23.80828025,32.77197452,27.32993631,12.38343949,19.95796178,0.478789809,57.64140127,107,498
2010,1,Batticaloa,77.36647727,125.8073864,31.39431818,26.62556818,29.06363636,38.24602273,24.56079545,34.03920455,28.84943182,12.89375,20.02215909,0.523636364,48.00568182,34,148
2010,2,Batticaloa,78.1111236,179.8786517,31.26573034,25.81685393,28.42022472,36.79719101,24.00505618,31.94101124,26.48595506,12.38876404,19.88314607,0.523988764,59.26460674,95,471
2011,1,Batticaloa,80.41770588,158.3794118,30.43529412,25.53470588,28.00352941,35.86823529,24.13588235,31.47176471,26.36647059,13.52470588,19.45176471,0.532941176,56.88647059,73,428
2011,2,Batticaloa,77.86559322,147.3977401,31.27683616,25.75367232,28.41242938,37.10338983,23.97966102,32.00677966,26.35649718,11.28644068,19.79152542,0.504971751,59.4079096,61,308
2012,1,Batticaloa,76.52607955,132.2488636,31.16761364,25.73465909,28.58181818,37.03125,23.86420455,32.47159091,26.61193182,13.09488636,19.94545455,0.510625,47.83352273,83,830
2012,2,Batticaloa,76.91357542,167.5597765,31.38212291,25.93240223,28.48156425,36.67932961,23.78938547,31.90167598,26.52122905,12.60335196,19.52681564,0.526703911,57.98826816,92,434
2013,1,Batticaloa,78.00139535,182.1680233,31.18430233,25.92267442,28.58081395,37.32034884,24.16511628,32.63430233,27.05988372,12.38662791,19.7872093,0.508139535,52.81686047,84,499
2013,2,Batticaloa,76.7975419,178.2446927,31.4301676,25.66256983,28.40949721,36.93240223,23.73463687,31.75698324,25.99050279,12.05530726,19.85307263,0.538882682,57.84134078,63,342
2014,1,Batticaloa,78.11323699,144.3572254,31.23699422,25.9583815,28.57225434,37.57976879,24.21156069,32.73236994,27.32543353,12.59884393,19.79768786,0.497687861,45.61676301,78,408
2014,2,Batticaloa,78.02888268,184.1860335,31.43296089,25.64692737,28.32793296,36.77430168,23.83743017,31.52067039,26.07150838,12.19944134,19.56256983,0.516759777,62.26536313,73,377
2015,1,Batticaloa,78.90079545,151.1323864,31.04318182,25.85397727,28.50170455,37.51022727,24.33693182,32.64943182,26.82556818,12.73863636,19.9,0.512897727,47.74090909,91,438
2015,2,Batticaloa,78.58101695,170.480226,31.54745763,26.11920904,28.70903955,37.70169492,24.37627119,32.69774011,26.94293785,13.41977401,19.60621469,0.519152542,56.70677966,93,447
2016,1,Batticaloa,76.38107955,142.56875,31.77045455,26.77272727,29.28409091,38.56761364,24.53295455,34.36988636,29.16477273,14.59488636,19.88465909,0.526306818,47.34204545,78,388
2016,2,Batticaloa,74.93085227,184.7732955,31.94943182,26.03977273,28.86363636,37.58636364,23.71704545,32.58977273,26.97784091,14.49147727,19.91193182,0.519318182,48.76704545,69,316
2017,1,Batticaloa,76.55422857,136.6748571,31.29485714,25.96571429,28.648,37.46971429,23.96171429,32.836,27.54742857,14.98857143,19.89771429,0.517485714,41.252,66,340
2017,2,Batticaloa,80.21156069,183.332948,30.97109827,25.62254335,28.1849711,36.89710983,24.24566474,31.7132948,26.23930636,12.64797688,19.85722543,0.50300578,55.55086705,50,271
2018,1,Batticaloa,79.63,180.0255682,30.44147727,25.45227273,27.96647727,36.08238636,23.96590909,31.33693182,25.9375,13.41590909,19.93181818,0.528636364,51.87386364,67,343
2018,2,Batticaloa,77.01742331,185.2251534,30.99631902,26.18895706,28.46687117,36.19141104,23.7797546,31.86748466,27.11840491,12.6202454,19.88527607,0.511349693,58.32331288,52,224
2009,1,colombo,75.64255682,172.5653409,31.24659091,24.43238636,27.70056818,36.06931818,22.74431818,30.56647727,25.18011364,20.60909091,12.07386364,0.521761364,45.02613636,30,423
2019,2,colombo,79.47258427,185.5157303,30.26011236,25.1758427,27.48820225,35.20393258,23.4994382,30.26460674,25.96516854,19.83595506,12.60786517,0.506685393,56.95393258,35,465
2010,1,colombo,77.37823864,168.1857955,31.61534091,24.9875,28.15454545,37.60738636,23.61477273,31.65,25.74147727,20.45511364,13.26647727,0.523636364,50.64602273,37,482
2010,2,colombo,81.03252809,198.8410112,29.65730337,25.03033708,27.1241573,34.42865169,23.48370787,29.66516854,25.6488764,18.75786517,13.49044944,0.523988764,67.09719101,40,459
2011,1,colombo,78.01662857,168.348,30.86285714,24.67942857,27.61885714,36.02685714,23.26057143,30.53542857,25.33314286,20.38057143,13.04742857,0.5284,59.56457143,42,482
2011,2,colombo,78.23706215,184.1259887,30.44689266,24.97570621,27.54971751,35.36779661,23.28305085,30.32146893,25.62316384,20.75988701,13.24237288,0.504971751,61.41186441,40,462
2012,1,colombo,76.06732955,176.9147727,31.27102273,24.49375,27.80852273,36.34261364,22.98238636,30.68920455,25.12215909,21.2375,13.31363636,0.510625,53.76988636,24,337
2012,2,colombo,79.99424581,178.7195531,30.36256983,24.7301676,27.38994413,35.70837989,23.49776536,30.09329609,25.24804469,19.90782123,13.62346369,0.526703911,66.60055866,28,66
2013,1,colombo,77.61897143,164.3662857,31.05257143,24.86228571,27.80971429,36.40285714,23.33771429,30.83885714,25.54171429,20.02685714,13.65085714,0.512342857,60.75085714,10,89
2013,2,colombo,79.4796648,186.0458101,30.01899441,24.89162011,27.25698324,34.90614525,23.27374302,29.8027933,25.35698324,20.10335196,13.01564246,0.538882682,64.57206704,28,360
2014,1,colombo,76.12454023,168.6954023,31.57586207,24.63505747,27.93448276,36.82126437,23.10344828,30.98275862,25.26034483,19.87011494,13.36494253,0.50045977,51.77126437,32,442
2014,2,colombo,81.57212291,183.4994413,29.92011173,24.83575419,27.15586592,35.13687151,23.62346369,29.83072626,25.52793296,18.54804469,12.44189944,0.516759777,66.85810056,26,350
2015,1,colombo,76.91340909,163.2965909,31.44886364,24.28409091,27.76590909,36.88011364,23.11590909,30.64715909,24.56022727,19.31590909,12.90340909,0.512897727,48.59659091,28,284
2015,2,colombo,80.195,176.2213483,30.70561798,25.13707865,27.61292135,36.47921348,23.7505618,30.58595506,25.94213483,18.76516854,12.66348315,0.520898876,61.39325843,27,360
2016,1,colombo,75.70853107,166.319209,32.19887006,25.20903955,28.53389831,38.41525424,23.58983051,32.14858757,25.90734463,19.7700565,12.88135593,0.526610169,45.30112994,28,266
2016,2,colombo,76.83864407,200.5497175,30.34237288,25.56158192,27.69717514,35.33954802,23.14463277,30.5819209,26.72090395,18.87118644,12.64124294,0.517175141,54.81525424,28,266
2017,1,colombo,75.38189655,174.3304598,31.39827586,24.83103448,28.00747126,36.85172414,23.02586207,31.24425287,25.67068966,19.69770115,12.65172414,0.521494253,46.75344828,28,3011
2017,2,colombo,79.68740113,187.0666667,30.2519774,25.31920904,27.50338983,35.56327684,23.55762712,30.44011299,26.34576271,19.03728814,12.1,0.501186441,57.83333333,20,575
2018,1,colombo,77.73778409,167.5931818,31.18920455,24.14488636,27.48125,36.59829545,23.03920455,30.18977273,24.35227273,19.49034091,12.40909091,0.528636364,47.33579545,14,126
2018,2,colombo,81.31621469,179.7677966,30.07740113,24.28870056,26.85988701,34.97288136,23.24971751,29.01299435,24.54576271,18.58531073,11.26440678,0.515875706,53.18079096,24,129
2009,1,Gampaha,78.07517241,177.0281609,23.91264368,15.3862069,19.50747126,23.9683908,15.23908046,19.53333333,15.3862069,9.295402299,17.80977011,0.52183908,54.88448276,30,423
2019,2,Gampaha,82.296375,201.115,24.1975,15.60875,19.8575,24.25625,16.470625,19.875625,15.60875,11.528125,16.479375,0.48375,69.5975,141,1363
2010,1,Gampaha,81.05568182,159.8142045,25.08920455,15.36420455,20.15454545,25.40340909,16.49886364,20.20965909,15.36420455,10.70965909,16.80340909,0.523636364,55.52102273,159,1550
2010,2,Gampaha,83.65983146,214.9938202,24.07359551,15.35393258,19.61179775,24.12078652,16.55505618,19.62359551,15.35393258,13.12977528,15.26404494,0.523988764,72.49662921,159,1539
2011,1,Gampaha,82.46403509,171.3339181,24.2122807,14.84795322,19.42923977,24.26959064,16.06959064,19.44444444,14.84795322,11.30467836,15.00584795,0.53251462,60.25847953,167,1616
2011,2,Gampaha,82.21920904,196.9231638,24.30451977,15.23389831,19.66327684,24.3559322,16.29322034,19.6779661,15.23389831,12.67288136,15.44745763,0.504971751,69.65480226,8,76
2012,1,Gampaha,77.19301136,171.5590909,25.13579545,14.275,19.61420455,25.28409091,15.12897727,19.64943182,14.275,10.66761364,16.25681818,0.510625,55.85227273,86,1171
2012,2,Gampaha,81.18078212,195.0765363,24.53687151,15.38882682,19.83296089,24.6,16.21620112,19.84692737,15.38882682,11.90782123,15.17765363,0.526703911,67.5396648,87,906
2013,1,Gampaha,84.18451429,166.596,24.376,14.796,19.57657143,24.50457143,16.65028571,19.60114286,14.796,10.28457143,15.37771429,0.512342857,61.22342857,84,1067
2013,2,Gampaha,82.98290503,218.2798883,23.94022346,14.76759777,19.38659218,23.96759777,16.22346369,19.39441341,14.76759777,12.01117318,14.77988827,0.538882682,70.04972067,167,1616
2014,1,Gampaha,79.47637931,167.2051724,24.90287356,14.63563218,19.72758621,25.05574713,15.77586207,19.75574713,14.63563218,9.895977011,16.70862069,0.50045977,54.27471264,79,521
2014,2,Gampaha,83.5347486,210.3357542,24.19050279,15.56592179,19.73072626,24.22513966,16.60949721,19.74078212,15.56592179,11.32458101,15.76648045,0.516759777,71.91731844,126,1194
2015,1,Gampaha,82.31329545,172.4698864,24.62386364,14.42840909,19.39715909,24.73465909,16.06136364,19.41761364,14.42840909,9.190909091,17.65965909,0.512897727,52.08977273,133,1058
2015,2,Gampaha,85.50241573,206.7926966,24.53876404,15.33932584,19.37359551,24.62640449,16.70280899,19.39438202,15.33932584,9.011235955,17.14719101,0.520898876,67.36853933,144,912
2016,1,Gampaha,78.78414773,175.7039773,25.4,14.74204545,19.71136364,25.67784091,15.50965909,19.76818182,14.74204545,10.46079545,17.60738636,0.526306818,52.19545455,127,720
2016,2,Gampaha,80.21661017,226.5932203,24.76553672,14.89887006,19.19887006,24.86045198,15.38983051,19.21751412,14.89887006,9.846892655,17.49435028,0.517175141,61.2180791,128,716
2017,1,Gampaha,78.50755682,182.9045455,24.90056818,14.03011364,19.31420455,25.11875,15.11079545,19.35795455,14.03011364,8.266477273,16.98522727,0.519147727,52.34204545,120,786
2017,2,Gampaha,83.43915254,219.6169492,24.48361582,15.72033898,19.9700565,24.58587571,16.87118644,19.99491525,15.72033898,9.238418079,16.62824859,0.501186441,70.35649718,114,1125
2018,1,Gampaha,81.95244318,174.2727273,24.61420455,14.64318182,19.59886364,24.69829545,16.18863636,19.61647727,14.64318182,10.00568182,17.49431818,0.528636364,59.58125,117,1233
2018,2,Gampaha,82.45070175,201.680117,23.75146199,16.13157895,19.94619883,23.82748538,16.65263158,19.9625731,16.13157895,9.502339181,17.38538012,0.517134503,68.12631579,106,1088
2009,1,Hambantota,82.07142012,202.1934911,29.78284024,25.33550296,27.44615385,35.27751479,23.98816568,30.53372781,26.03905325,20.42721893,23.91005917,0.524615385,57.23905325,231,1635
2019,2,Hambantota,84.79757764,237.6136646,29.47142857,25.11925466,27.09440994,34.79689441,24.18322981,29.37142857,25.18819876,23.43478261,23.91801242,0.486956522,65.32732919,356,5200
2010,1,Hambantota,81.77948864,192.5176136,31.05795455,25.52954545,28.10056818,38.33238636,24.57272727,32.18125,26.33068182,25.41022727,23.64829545,0.523636364,58.32045455,406,6191
2010,2,Hambantota,82.29617978,237.1202247,30.49494382,24.98370787,27.37078652,36.39157303,23.93370787,29.99382022,25.04662921,24.52078652,23.63876404,0.523988764,68.19662921,375,5534
2011,1,Hambantota,83.3754386,199.2725146,30.35789474,24.76140351,27.32046784,36.43976608,24.13274854,30.35555556,25.08479532,21.11169591,22.96900585,0.53251462,59.24269006,394,5810
2011,2,Hambantota,83.07926554,213.2474576,30.31016949,25.12937853,27.37514124,36.34237288,24.12429379,30.10508475,25.15988701,24.53163842,22.81864407,0.504971751,66.96384181,416,6146
2012,1,Hambantota,81.40154286,196.1702857,30.69542857,24.84457143,27.53142857,36.86228571,23.92514286,30.44114286,24.95714286,23.46971429,23.28,0.512057143,51.49657143,372,5566
2012,2,Hambantota,84.05044693,223.9296089,30.04636872,24.98826816,27.2452514,35.90782123,24.20167598,29.90391061,25.02513966,21.19106145,22.3396648,0.526703911,63.54189944,455,6670
2013,1,Hambantota,81.74554286,200.972,30.932,25.06628571,27.70685714,37.79314286,24.18114286,31.09257143,25.428,18.88514286,22.71657143,0.512342857,54.98857143,292,4306
2013,2,Hambantota,83.59128492,216.8603352,30.01005587,24.77541899,27.05921788,35.59217877,23.92402235,29.37206704,24.77541899,19.93687151,22.19441341,0.538882682,60.22905028,416,6146
2014,1,Hambantota,73.21344828,160.9683908,32.88965517,23.27298851,27.74252874,37.01666667,22.09712644,29.81896552,23.39597701,25.9316092,9.612068966,0.50045977,47.04425287,177,1245
2014,2,Hambantota,75.18564246,215.2011173,32.14636872,23.70335196,27.53296089,36.0150838,22.3424581,29.29608939,23.79608939,28.88044693,9.797765363,0.516759777,59.55810056,321,5082
2015,1,Hambantota,77.15676136,162.6920455,32.31534091,22.99886364,27.22613636,37.10284091,22.55056818,29.39488636,23.02954545,22.48920455,9.965340909,0.512897727,46.30284091,455,7205
2015,2,Hambantota,76.34573034,207.3904494,31.72359551,23.75674157,27.21404494,36.00393258,22.41348315,28.93707865,23.78146067,24.20674157,9.953932584,0.520898876,56.5241573,324,5346
2016,1,Hambantota,68.13186441,158.2734463,33.04971751,23.78361582,28.26101695,36.50564972,21.41129944,30.1920904,23.91638418,22.79661017,10.21412429,0.526610169,45.25084746,369,5437
2016,2,Hambantota,59.91028249,226.899435,33.29491525,23.9779661,28.8779661,34.95706215,19.65367232,29.97118644,24.01412429,28.36384181,9.944067797,0.517175141,49.21468927,281,4142
2017,1,Hambantota,67.23204545,178.7539773,32.09886364,19.75625,27.48522727,34.87670455,20.34829545,29.08125,19.75625,21.67329545,10.11363636,0.519147727,46.50397727,264,4137
2017,2,Hambantota,77.57610169,218.9717514,32.51525424,20.91073446,28.02485876,37.9960452,23.29830508,30.87966102,20.92316384,27.06327684,10.17966102,0.501186441,58.65084746,193,2868
2018,1,Hambantota,81.87892045,160.2670455,31.89886364,19.05284091,27.24772727,38.32386364,23.56420455,30.35397727,19.05284091,21.20454545,10.20965909,0.528636364,54.18693182,216,3525
2018,2,Hambantota,80.8452809,209.5657303,32.25955056,21.17977528,27.87865169,38.78426966,23.85280899,31.00561798,21.20955056,24.41629213,9.908988764,0.51494382,55.67696629,240,3590
2009,1,Jaffna,74.06859756,167.7152439,30.44512195,27.6097561,29.17378049,36.02134146,23.90670732,33.88170732,31.0652439,13.99573171,19.82560976,0.526707317,51.24939024,325,4692
2019,2,Jaffna,77.82820513,199.8025641,30.52820513,26.94294872,28.83589744,36.27115385,24.43846154,33.26217949,29.60448718,20.85833333,19.92435897,0.478974359,63.46089744,166,1328
2010,1,Jaffna,74.15434286,158.464,31.56057143,27.16171429,29.54,38.01942857,24.272,34.76971429,30.29314286,15.888,19.97085714,0.520914286,53.41828571,931,8272
2010,2,Jaffna,80.53696629,206.9938202,30.07022472,26.31966292,28.26123596,35.59044944,24.45898876,32.28876404,28.48426966,13.74775281,19.93426966,0.523988764,84.66179775,150,958
2011,1,Jaffna,74.85847059,177.2235294,30.60529412,25.79647059,28.57882353,35.74647059,23.51411765,32.46352941,27.91705882,17.97529412,19.99823529,0.532941176,75.15882353,147,1057
2011,2,Jaffna,77.51785311,190.0870056,30.53728814,26.42090395,28.54689266,35.90677966,24.08361582,32.60225989,28.93163842,17.82259887,19.99039548,0.504971751,83.07288136,135,910
2012,1,Jaffna,76.63159091,164.7636364,31.27102273,25.52784091,28.33125,36.57045455,23.64318182,32.05454545,27.34602273,21.39375,19.93863636,0.510625,56.11534091,256,1782
2012,2,Jaffna,79.47402235,182.9100559,30.70558659,26.01787709,28.13743017,35.80670391,24.09441341,31.71061453,27.98268156,21.57318436,19.58044693,0.526703911,69.13631285,153,1746
2013,1,Jaffna,78.80148571,159.316,30.892,25.76171429,28.28514286,36.652,24.104,32.26857143,27.80285714,18.32,19.78171429,0.512342857,60.15257143,143,2021
2013,2,Jaffna,80.73586592,181.1055866,30.03240223,25.72960894,27.75977654,35.34581006,24.04636872,31.16089385,27.27932961,21.04972067,19.64022346,0.538882682,67.67541899,135,910
2014,1,Jaffna,78.23850575,134.287931,31.52873563,25.32816092,28.35287356,37.4,24.00344828,32.28735632,27.00402299,17.77126437,19.81724138,0.50045977,57.09425287,190,3093
2014,2,Jaffna,81.64340782,183.1541899,30.53519553,25.99385475,28.03407821,36.24189944,24.45139665,31.7273743,27.83296089,18.41564246,19.38324022,0.516759777,70.58100559,89,841
2015,1,Jaffna,78.71539773,145.9585227,31.04261364,25.48181818,28.18920455,36.80170455,23.97045455,31.95284091,26.99886364,16.15738636,19.78579545,0.512897727,53.99261364,110,970
2015,2,Jaffna,81.8958427,179.7764045,30.83651685,26.59269663,28.39269663,37.23988764,24.87865169,32.65280899,28.61067416,16.61516854,19.42191011,0.520898876,62.46235955,101,752
2016,1,Jaffna,77.10542857,143.1491429,32.01142857,26.664,29.07142857,38.136,24.44685714,33.73885714,28.89028571,17.37942857,19.77885714,0.525771429,47.66628571,122,986
2016,2,Jaffna,80.37706215,175.1525424,30.68700565,26.41299435,28.23446328,36.5039548,24.39830508,32.15480226,28.27514124,19.84180791,19.70338983,0.517175141,59.65536723,118,1216
2017,1,Jaffna,78.1132,147.1394286,31.14457143,25.812,28.37428571,37.28171429,24.03371429,32.58457143,27.91485714,17.176,19.95142857,0.5168,50.58742857,122,1448
2017,2,Jaffna,81.41016949,184.220339,30.73559322,26.33389831,28.29661017,36.88079096,24.68361582,32.55762712,28.54632768,18.49096045,19.83728814,0.501186441,70.47966102,144,1146
2018,1,Jaffna,78.52607955,133.5914773,31.10852273,25.06761364,28.09431818,37.03977273,23.81590909,32.01590909,26.36988636,17.35056818,19.93295455,0.528636364,58.46988636,90,1275
2018,2,Jaffna,81.94976331,169.3461538,30.08343195,26.1887574,27.95384615,35.58284024,24.44911243,31.46153846,27.47869822,16.02544379,19.86863905,0.51183432,69.0704142,86,1254
2009,1,Kalutara,75.66420455,174.2125,31.24602273,24.41534091,27.69034091,36.00681818,22.73920455,30.52272727,25.14375,20.60511364,11.40284091,0.521761364,45.04034091,129,835
2019,2,Kalutara,79.58780899,188.6758427,30.31460674,25.13820225,27.47078652,35.27752809,23.5005618,30.19831461,25.81235955,19.71629213,11.63876404,0.506685393,57.11235955,77,560
2010,1,Kalutara,77.52653409,170.0204545,31.71420455,24.96363636,28.12102273,37.62215909,23.60965909,31.52840909,25.65909091,20.08125,11.73693182,0.523636364,50.60454545,77,580
2010,2,Kalutara,80.98095506,203.3134831,29.75842697,24.96235955,27.10280899,34.51797753,23.4511236,29.5505618,25.27865169,18.9758427,11.93764045,0.523988764,67.08820225,82,531
2011,1,Kalutara,78.20154286,169.6925714,30.952,24.68971429,27.588,36.11085714,23.276,30.47085714,25.372,20.37771429,11.76514286,0.5284,59.04685714,86,557
2011,2,Kalutara,78.41881356,185.4525424,30.5519774,24.96045198,27.51751412,35.50508475,23.2819209,30.23163842,25.55141243,20.38644068,11.92090395,0.504971751,60.96666667,68,541
2012,1,Kalutara,76.058125,177.9676136,31.42727273,24.51761364,27.80625,36.45852273,22.97215909,30.63011364,25.11420455,20.69488636,12.02897727,0.510625,52.1875,59,434
2012,2,Kalutara,80.01541899,180.1452514,30.51117318,24.7424581,27.35865922,35.73743017,23.46480447,29.97430168,25.21955307,19.77821229,12.12402235,0.526703911,64.26536313,42,404
2013,1,Kalutara,77.82828571,167.1754286,31.18457143,24.85314286,27.768,36.528,23.34228571,30.70857143,25.44228571,19.37828571,11.61371429,0.512342857,58.968,59,770
2013,2,Kalutara,79.54357542,189.3128492,30.11284916,24.84804469,27.21843575,34.88324022,23.25418994,29.66536313,25.14692737,20.11117318,11.30446927,0.538882682,63.00335196,69,749
2014,1,Kalutara,76.16350575,170.0729885,31.71264368,24.61034483,27.9,36.95862069,23.07873563,30.8683908,25.2316092,19.78908046,12.15862069,0.50045977,50.27586207,102,926
2014,2,Kalutara,81.57692737,185.8106145,30.01675978,24.83743017,27.1273743,35.11340782,23.59329609,29.72290503,25.42458101,18.44581006,11.52849162,0.516759777,66.19217877,94,453
2015,1,Kalutara,76.88840909,163.7147727,31.61761364,24.27954545,27.74943182,36.93125,23.09545455,30.56420455,24.55170455,19.18409091,11.69375,0.512897727,47.81420455,70,492
2015,2,Kalutara,80.16544944,178.4516854,30.77078652,25.07865169,27.58820225,36.42640449,23.71741573,30.49044944,25.83314607,18.81179775,11.65393258,0.520898876,60.58033708,67,456
2016,1,Kalutara,75.79502825,170.1519774,32.28813559,25.20169492,28.49435028,38.31016949,23.56836158,32.02881356,25.88587571,19.56440678,11.66045198,0.526610169,44.19265537,62,437
2016,2,Kalutara,76.86977401,205.2056497,30.42655367,25.48474576,27.6559322,35.25706215,23.11129944,30.4559322,26.37683616,18.84576271,11.56497175,0.517175141,53.30903955,50,400
2017,1,Kalutara,75.40647727,177.3107955,31.55454545,24.72954545,27.94488636,36.91761364,22.96477273,31.09602273,25.55170455,19.81136364,11.41420455,0.519147727,45.85397727,40,307
2017,2,Kalutara,79.83683616,195.3920904,30.31129944,25.28361582,27.47627119,35.57514124,23.56327684,30.35762712,26.28248588,19.04463277,10.96497175,0.501186441,56.89717514,57,496
2018,1,Kalutara,78.02238636,171.4596591,31.27386364,24.10852273,27.43579545,36.63693182,23.05795455,30.08352273,24.29545455,19.49318182,10.93977273,0.528636364,46.99261364,48,496
2018,2,Kalutara,81.43152542,184.5491525,30.13672316,24.27062147,26.8220339,34.95367232,23.24350282,28.92090395,24.48079096,18.60112994,10.30847458,0.515875706,52.38022599,47,477
2009,1,Kandy,80.25152941,209.3088235,27.93941176,21.31352941,24.55235294,29.72176471,20.56,25.28352941,21.35470588,4.978235294,18.14352941,0.521470588,55.35058824,129,1498
2019,2,Kandy,84.00987342,222.2702532,27.41962025,21.49050633,24.14556962,29.12468354,21.09873418,24.60506329,21.49050633,5.682911392,18.55632911,0.477848101,69.03987342,132,1662
2010,1,Kandy,81.91420455,189.1534091,29.49204545,21.54034091,24.97840909,32.17159091,21.33636364,25.77102273,21.55397727,6.6,18.88352273,0.523636364,56.30340909,111,1410
2010,2,Kandy,85.75724719,242.7578652,27.21067416,21.43876404,23.82808989,28.94213483,21.1488764,24.21516854,21.43876404,8.487078652,17.95786517,0.523988764,72.56011236,102,1291
2011,1,Kandy,83.42830409,197.3818713,28.46491228,20.99064327,24.21111111,30.58538012,20.93391813,24.80116959,20.99064327,8.864912281,18.7994152,0.53251462,58.88245614,134,1421
2011,2,Kandy,82.72299435,226.7220339,27.98757062,21.18135593,24.17457627,29.85310734,20.84067797,24.61977401,21.18135593,8.18700565,18.68079096,0.504971751,67.12429379,145,1626
2012,1,Kandy,79.18772727,198.84375,29.49602273,20.64545455,24.5875,31.61022727,20.36477273,25.20965909,20.64545455,7.866477273,19.11875,0.510625,51.62613636,134,1510
2012,2,Kandy,83.09083799,225.3307263,28.18715084,21.13631285,24.20446927,30.17486034,20.91061453,24.70614525,21.13631285,5.524581006,18.50837989,0.526703911,64.56145251,124,1361
2013,1,Kandy,83.58822857,186.8491429,28.53714286,21.288,24.42228571,30.94228571,21.23657143,25.08114286,21.288,7.346857143,18.95828571,0.512342857,59.56628571,66,939
2013,2,Kandy,83.44927374,229.5536313,27.72960894,21.11173184,23.95586592,29.41061453,20.79664804,24.36536313,21.11173184,7.655307263,18.93296089,0.538882682,63.59441341,145,1715
2014,1,Kandy,79.48218391,193.8367816,29.71954023,21.17701149,24.87471264,32.07471264,20.70057471,25.52356322,21.17701149,7.758045977,19.26264368,0.50045977,54.0816092,106,1451
2014,2,Kandy,85.43502793,220.0458101,27.50502793,21.66256983,24.05251397,29.39385475,21.29497207,24.48324022,21.66256983,6.276536313,18.03351955,0.516759777,74.16256983,101,1416
2015,1,Kandy,81.64261364,185.0380682,29.45909091,20.99147727,24.58636364,32.01193182,20.93465909,25.29261364,20.99147727,6.330681818,19.03125,0.512897727,52.30511364,113,1470
2015,2,Kandy,85.03842697,226.9550562,28.39325843,21.66629213,24.48426966,30.96011236,21.62078652,25.10280899,21.66629213,6.003932584,17.97191011,0.520898876,66.28370787,84,897
2016,1,Kandy,80.26057143,192.1382857,30.02571429,21.76514286,25.31142857,32.79771429,21.30114286,26.14171429,21.76514286,6.292,18.99371429,0.525771429,50.44857143,75,808
2016,2,Kandy,80.57559322,232.1932203,28.36271186,21.16553672,24.38361582,30.17627119,20.5740113,24.87344633,21.16553672,7.350282486,18.57683616,0.517175141,58.58926554,68,958
2017,1,Kandy,81.00204545,202.0471591,29.11420455,20.78068182,24.44204545,31.31534091,20.63181818,25.08352273,20.78068182,5.907386364,19.18011364,0.519147727,50.29545455,85,1150
2017,2,Kandy,83.63920904,232.8333333,27.93389831,21.61638418,24.37683616,29.96158192,21.24011299,24.88926554,21.61638418,5.824858757,18.97909605,0.501186441,69.43050847,86,1175
2018,1,Kandy,81.44630682,193.5028409,29.24034091,21.07670455,24.56761364,31.63295455,20.86704545,25.17840909,21.07670455,6.170454545,18.90568182,0.528636364,59.04943182,58,808
2018,2,Kandy,82.56278107,221.5319527,27.57278107,21.81715976,24.44201183,29.30473373,21.08402367,25.00414201,21.89053254,6.585798817,18.85798817,0.516568047,68.34852071,81,1387
2009,1,Kegalle,75.70460227,171.1107955,31.18636364,22.04261364,27.25397727,35.73920455,22.30340909,29.71647727,22.04261364,20.68465909,11.77386364,0.521761364,45.19602273,121,1621
2019,2,Kegalle,79.77247191,187.361236,30.12921348,22.55786517,26.85786517,34.73764045,22.92865169,29.09550562,22.58707865,19.64325843,12.37752809,0.506685393,58.08370787,126,1505
2010,1,Kegalle,77.43704545,168.5170455,31.60454545,22.29659091,27.28806818,36.73125,22.74204545,29.83068182,22.29659091,19.97102273,12.98920455,0.523636364,50.63579545,129,1436
2010,2,Kegalle,81.3908427,206.8589888,29.4988764,22.07752809,26.19831461,33.68876404,22.63651685,27.98258427,22.07752809,18.83820225,13.03707865,0.523988764,67.45561798,137,1510
2011,1,Kegalle,78.35811429,168.1794286,30.79371429,22.016,26.8,35.46285714,22.51314286,29.00857143,22.016,20.37085714,12.72057143,0.5284,59.46971429,147,1649
2011,2,Kegalle,78.45683616,188.9988701,30.3259887,22.16949153,26.73672316,34.6960452,22.51073446,28.75141243,22.16949153,20.32316384,12.86666667,0.504971751,62.45141243,132,1440
2012,1,Kegalle,75.68329545,177.9840909,31.26022727,21.73863636,26.96647727,35.70852273,22.03977273,29.06022727,21.73863636,20.75,12.96534091,0.510625,51.90113636,118,1584
2012,2,Kegalle,80.04212291,185.3810056,30.23798883,21.95698324,26.43463687,34.81564246,22.55251397,28.29329609,21.95698324,19.92402235,13.05083799,0.526703911,65.36089385,110,1542
2013,1,Kegalle,78.58028571,163.8257143,30.86342857,21.96457143,26.72114286,35.37371429,22.45542857,28.76,21.96457143,19.10742857,12.90228571,0.512342857,58.46285714,110,1542
2013,2,Kegalle,80.00893855,189.0212291,29.83575419,21.88938547,26.32625698,34.17541899,22.46871508,28.14972067,21.88938547,19.84804469,12.30111732,0.538882682,62.69832402,86,1042
2014,1,Kegalle,75.87724138,162.1936782,31.66666667,21.98275862,27.07126437,36.05114943,22.16321839,29.23850575,21.98275862,19.68678161,12.73448276,0.50045977,49.67471264,131,695
2014,2,Kegalle,81.90670391,186.0346369,29.68994413,22.3,26.30837989,34.23463687,22.85139665,28.22234637,22.3,18.33854749,11.78268156,0.516759777,66.28659218,128,616
2015,1,Kegalle,77.02232955,156.7034091,31.43693182,21.74147727,26.90909091,36.08693182,22.27727273,29.03068182,21.74147727,19.02386364,12.32102273,0.512897727,46.41988636,130,856
2015,2,Kegalle,80.59196629,178.5707865,30.50898876,22.16516854,26.72359551,35.45224719,22.94550562,28.86516854,22.16516854,18.7252809,11.92752809,0.520898876,59.2752809,126,626
2016,1,Kegalle,75.5819774,164.5548023,32.25310734,22.24971751,27.62033898,37.33785311,22.6259887,30.20564972,22.24971751,19.3920904,12.18926554,0.526610169,42.42542373,123,610
2016,2,Kegalle,76.70666667,204.1813559,30.24971751,22.05254237,26.84124294,34.13841808,22.24632768,28.92937853,22.05254237,18.85706215,11.96327684,0.517175141,52.53107345,111,689
2017,1,Kegalle,75.40670455,170.5840909,31.35340909,21.7375,27.10227273,35.93238636,22.10568182,29.44772727,21.7375,19.79602273,11.98806818,0.519147727,44.88920455,117,709
2017,2,Kegalle,80.10180791,192.0689266,30.0299435,22.44745763,26.72429379,34.56214689,22.87344633,28.91355932,22.44745763,19.16101695,11.54632768,0.501186441,57.19152542,106,616
2018,1,Kegalle,77.84244318,164.7982955,31.11193182,21.79204545,26.65227273,35.78579545,22.2125,28.60738636,21.79204545,19.49034091,11.72613636,0.528636364,46.00454545,106,617
2018,2,Kegalle,81.38231638,181.7079096,29.83220339,22.36553672,26.28531073,34.1440678,22.68813559,27.90903955,22.36553672,18.5779661,10.91299435,0.515875706,52.40112994,82,911
2009,1,Kilinochchi,76.06047904,136.5479042,30.47904192,25.98682635,28.59161677,35.99640719,23.73592814,32.65329341,27.89281437,11.94790419,19.54431138,0.525868263,47.02035928,0,0
2019,2,Kilinochchi,79.35,180.1297468,30.63481013,25.76392405,28.40316456,36.29620253,24.30632911,32.12911392,26.67341772,14.55253165,19.78481013,0.480696203,57.59303797,0,0
2010,1,Kilinochchi,76.68685714,150.0251429,31.756,25.49257143,28.95828571,38.20971429,24.23657143,33.64171429,27.07142857,13.37942857,19.43085714,0.520914286,47.88114286,146,584
2010,2,Kilinochchi,81.62926966,198.6589888,30.13146067,25.43820225,27.91573034,35.52359551,24.34494382,31.43033708,26.33314607,11.70617978,19.60955056,0.523988764,74.01179775,153,613
2011,1,Kilinochchi,77.952,167.1605882,30.61588235,24.91352941,28.16235294,35.82411765,23.76705882,31.74470588,25.95882353,12.85058824,19.80882353,0.532941176,58.86764706,40,400
2011,2,Kilinochchi,79.3119209,188.0435028,30.52768362,25.49265537,28.17457627,35.90847458,24.10225989,31.82146893,26.76101695,12.46836158,19.81581921,0.504971751,68.55706215,20,200
2012,1,Kilinochchi,77.37051136,151.9863636,31.37954545,25.27386364,28.25965909,36.8,23.74715909,31.92443182,26.85056818,18.81306818,19.86022727,0.510625,48.20454545,63,630
2012,2,Kilinochchi,80.12273743,176.2335196,30.72290503,25.78826816,28.07094972,35.89050279,24.15921788,31.5575419,27.34078212,19.28547486,19.33798883,0.526703911,62.47877095,63,157
2013,1,Kilinochchi,79.50954286,148.3411429,30.85371429,25.51257143,28.14628571,36.47942857,24.12457143,31.95028571,27.16057143,16.94228571,19.64114286,0.512342857,54.05771429,88,1035
2013,2,Kilinochchi,80.52608939,178.998324,30.16927374,25.49776536,27.70726257,35.22290503,23.94357542,30.86089385,26.4698324,20.29385475,19.59776536,0.538882682,61.45251397,68,816
2014,1,Kilinochchi,78.44350575,134.2275862,31.50574713,25.14827586,28.20977011,37.16321839,23.90517241,31.91149425,26.5908046,16.72183908,19.74942529,0.50045977,50.16666667,0,0
2014,2,Kilinochchi,81.82463687,183.4106145,30.38156425,25.82011173,27.88826816,35.66201117,24.35921788,31.26256983,27.14692737,17.72067039,19.18826816,0.516759777,67.11005587,14,272
2015,1,Kilinochchi,79.38784091,139.3465909,31.03352273,25.40056818,28.11477273,36.89772727,24.06136364,31.88238636,26.85284091,14.92784091,19.71079545,0.512897727,49.20284091,73,365
2015,2,Kilinochchi,81.96168539,177.8303371,30.77303371,26.67752809,28.36629213,37.03426966,24.87303371,32.60674157,28.74775281,14.61910112,19.42359551,0.520898876,60.05842697,183,1111
2016,1,Kilinochchi,78.09297143,141.8674286,31.988,26.70285714,29.03371429,38.50571429,24.65085714,33.856,28.99028571,16.12914286,19.79085714,0.525771429,44.54342857,69,577
2016,2,Kilinochchi,80.40022599,174.6649718,30.81299435,26.48079096,28.25875706,36.53446328,24.42881356,32.18644068,28.37627119,19.58135593,19.76440678,0.517175141,55.29661017,3,25
2017,1,Kilinochchi,78.36903409,145.6375,31.29772727,25.60340909,28.30397727,37.19204545,24.01818182,32.34204545,27.44375,16.48693182,19.95397727,0.519147727,47.29943182,2,20
2017,2,Kilinochchi,81.67293785,180.4118644,30.63728814,26.15254237,28.17175141,36.63107345,24.6259887,32.1960452,27.96892655,17.78587571,19.87288136,0.501186441,67.38757062,53,131
2018,1,Kilinochchi,79.02573864,128.0534091,31.1125,24.90568182,27.95965909,36.85454545,23.81136364,31.63522727,25.89943182,16.31647727,19.95056818,0.528636364,53.34829545,32,388
2018,2,Kilinochchi,81.72335294,164.9517647,30.12176471,26.07882353,27.87117647,35.34058824,24.32941176,31.17764706,27.15705882,15.14529412,19.90588235,0.514411765,63.72705882,62,623
2009,1,Kurunegala,75.60596591,168.6988636,31.40681818,21.58295455,27.37102273,35.91761364,22.37954545,29.95340909,21.58295455,20.79488636,11.84318182,0.521761364,44.97954545,491,1695
2019,2,Kurunegala,79.4888764,184.8134831,30.66797753,21.8258427,27.06853933,35.40449438,23.05449438,29.5241573,21.85505618,19.64044944,12.72865169,0.506685393,58.13483146,504,1715
2010,1,Kurunegala,77.02869318,164.9215909,32.74375,21.37897727,27.59886364,38.02897727,22.91590909,30.50113636,21.37897727,20.11590909,13.50681818,0.523636364,50.87215909,496,1587
2010,2,Kurunegala,80.99938202,201.5438202,30.26853933,21.12696629,26.49662921,34.85449438,22.83258427,28.60617978,21.12696629,18.98258427,13.5741573,0.523988764,67.80730337,420,1344
2011,1,Kurunegala,78.06982857,166.34,31.66228571,21.19142857,27.064,36.36742857,22.68228571,29.54571429,21.19142857,20.388,13.15314286,0.5284,59.69714286,361,1179
2011,2,Kurunegala,77.94977401,187.1621469,31.31242938,21.34067797,27.03446328,35.70112994,22.6700565,29.35254237,21.34067797,20.40338983,13.28700565,0.504971751,62.96045198,302,966
2012,1,Kurunegala,75.40659091,174.3954545,32.40568182,20.84431818,27.24488636,36.7125,22.20852273,29.59261364,20.84431818,20.82670455,13.23920455,0.510625,51.27954545,337,1077
2012,2,Kurunegala,79.65614525,183.8765363,31.3273743,21.02234637,26.77709497,35.95363128,22.77430168,28.99497207,21.02234637,20.45418994,13.30502793,0.526703911,65.24134078,301,2831
2013,1,Kurunegala,78.44534483,165.062069,31.69252874,21.08448276,27.07241379,36.81091954,22.74827586,29.57758621,21.08448276,19.28563218,13.42528736,0.51183908,58.2408046,251,2718
2013,2,Kurunegala,79.69865922,186.8340782,30.74636872,20.95865922,26.62849162,35.30335196,22.67486034,28.77094972,20.95865922,19.80893855,12.7698324,0.538882682,62.2150838,302,966
2014,1,Kurunegala,75.47574713,161.5764368,32.84482759,21.09942529,27.38908046,37.26436782,22.34310345,29.89942529,21.09942529,19.75,13.23333333,0.50045977,49.36954023,384,3648
2014,2,Kurunegala,81.68446927,184.1424581,30.34469274,21.52793296,26.57709497,35.09162011,23.05195531,28.80335196,21.52793296,18.3698324,12.13240223,0.516759777,65.97765363,414,3929
2015,1,Kurunegala,76.72079545,155.4375,32.44715909,20.86988636,27.18977273,37.4125,22.45056818,29.61931818,20.86988636,19.02386364,12.79602273,0.512897727,45.88636364,396,3762
2015,2,Kurunegala,80.35162921,177.5382022,31.47696629,21.2011236,26.87078652,36.9741573,23.0241573,29.36741573,21.2011236,18.73707865,12.24606742,0.520898876,58.88595506,272,2584
2016,1,Kurunegala,75.27288136,161.6129944,33.24237288,21.28022599,27.78418079,38.48022599,22.67231638,30.66892655,21.28022599,19.39322034,12.68587571,0.526610169,41.90847458,396,3762
2016,2,Kurunegala,76.29559322,201.6423729,31.67231638,20.93954802,26.98305085,35.66214689,22.27118644,29.3259887,20.93954802,18.9220339,12.38644068,0.517175141,52.45480226,406,3857
2017,1,Kurunegala,75.25348571,169.8177143,32.40971429,20.80171429,27.35314286,37.07828571,22.284,30.01828571,20.80171429,19.804,12.51542857,0.519714286,44.82628571,339,1433
2017,2,Kurunegala,79.84316384,189.4920904,31.00056497,21.54011299,26.97457627,35.97683616,23.04293785,29.46892655,21.54011299,19.44237288,12.01864407,0.501186441,57.18248588,353,3123
2018,1,Kurunegala,77.36234286,163.1017143,32.468,20.91885714,26.98114286,37.00914286,22.38514286,29.236,20.91885714,19.51828571,12.24628571,0.531485714,46.11028571,220,1919
2018,2,Kurunegala,80.83305085,178.9423729,31.01355932,21.6740113,26.51920904,35.2519774,22.7700565,28.35084746,21.6740113,18.58870056,11.27457627,0.515875706,52.61638418,215,2141
2009,1,Mahaweli'h',80.21219653,206.8104046,27.5150289,20.99248555,24.17572254,29.08554913,20.19364162,24.78901734,21.0265896,5.074566474,18.12543353,0.522427746,54.56589595,24,357
2019,2,Mahaweli'h',84.00325,222.24125,27.12625,21.241875,23.885,28.536875,20.844375,24.24375,21.241875,5.75125,18.414375,0.48375,69.509375,103,1751
2010,1,Mahaweli'h',81.69034091,186.6863636,29.17272727,21.28693182,24.70625,31.52897727,21.03409091,25.38465909,21.29829545,6.552840909,18.73863636,0.523636364,56.51704545,48,720
2010,2,Mahaweli'h',85.59314607,240.5825843,26.94494382,21.17921348,23.58146067,28.43258427,20.88483146,23.89044944,21.17921348,8.337078652,17.83764045,0.523988764,72.75,40,200
2011,1,Mahaweli'h',83.23292398,193.7777778,28.13859649,20.72865497,23.93918129,30.01169591,20.64327485,24.44561404,20.72865497,8.515789474,18.60584795,0.53251462,59.23567251,51,620
2011,2,Mahaweli'h',82.63903955,225.4446328,27.69096045,20.94293785,23.91694915,29.29265537,20.58135593,24.27966102,20.94293785,8.159887006,18.5299435,0.504971751,67.47344633,62,752
2012,1,Mahaweli'h',78.95363636,197.5948864,29.15397727,20.39715909,24.29318182,31.04659091,20.06136364,24.83636364,20.39715909,7.772727273,18.99147727,0.510625,51.86363636,112,722
2012,2,Mahaweli'h',82.98067039,223.6513966,27.87988827,20.91731844,23.95027933,29.62067039,20.64692737,24.3698324,20.91731844,5.862011173,18.31620112,0.526703911,64.78659218,89,597
2013,1,Mahaweli'h',83.56022857,186.3011429,28.22514286,21.01314286,24.15257143,30.34742857,20.97428571,24.71885714,21.01314286,7.315428571,18.68742857,0.512342857,59.64971429,103,52
2013,2,Mahaweli'h',83.46134078,228.4905028,27.42849162,20.86424581,23.68435754,28.90726257,20.54860335,24.03407821,20.86424581,7.698882682,18.62234637,0.538882682,64.13798883,172,1077
2014,1,Mahaweli'h',79.3758046,191.0373563,29.37241379,20.90057471,24.58218391,31.47068966,20.4091954,25.1408046,20.90057471,7.633908046,19.02586207,0.50045977,54.06206897,47,791
2014,2,Mahaweli'h',85.34391061,219.0960894,27.21284916,21.39273743,23.79944134,28.88379888,21.02960894,24.16145251,21.39273743,6.377094972,17.79106145,0.516759777,73.96424581,82,405
2015,1,Mahaweli'h',81.56068182,182.2539773,29.10340909,20.71590909,24.30284091,31.42670455,20.64659091,24.92443182,20.71590909,6.3375,18.84147727,0.512897727,52.27159091,58,287
2015,2,Mahaweli'h',85.07634831,224.0578652,28.0758427,21.35730337,24.20505618,30.39382022,21.36123596,24.74719101,21.35730337,5.985393258,17.8241573,0.520898876,66.40505618,33,149
2016,1,Mahaweli'h',80.09668571,188.2388571,29.69142857,21.43314286,25.01714286,32.16114286,20.99142857,25.74,21.43314286,6.448571429,18.78057143,0.525771429,50.82,72,358
2016,2,Mahaweli'h',80.55949153,232.9757062,28.08474576,20.86440678,24.11073446,29.7079096,20.30847458,24.53954802,20.86440678,7.561016949,18.3819209,0.517175141,59.11016949,61,302
2017,1,Mahaweli'h',80.66602273,198.5221591,28.83693182,20.49034091,24.16420455,30.78295455,20.30340909,24.71590909,20.49034091,5.826704545,18.88295455,0.519147727,50.59147727,85,419
2017,2,Mahaweli'h',83.66062147,232.7050847,27.64745763,21.3700565,24.11864407,29.43163842,20.99830508,24.5559322,21.3700565,5.829378531,18.68418079,0.501186441,69.68079096,97,486
2018,1,Mahaweli'h',81.30755682,191.5886364,28.91022727,20.79602273,24.28920455,31.02784091,20.57840909,24.81761364,20.79602273,6.185795455,18.67840909,0.528636364,59.15965909,126,630
2018,2,Mahaweli'h',82.56444444,219.9380117,27.23859649,21.57192982,24.16549708,28.76140351,20.81754386,24.65204678,21.63684211,6.534502924,18.6245614,0.517134503,68.79532164,,
2009,1,Mannar,78.99433735,171.2710843,30.07771084,26.3873494,28.50421687,36.10481928,24.34638554,32.98674699,28.64216867,18.10783133,19.65843373,0.524578313,36.5246988,18,366
2019,2,Mannar,81.39632911,199.8329114,29.8335443,26.07848101,28.10189873,35.34240506,24.49873418,31.96898734,27.63987342,20.71329114,19.81329114,0.480696203,47.64936709,27,538
2010,1,Mannar,78.05890805,173.2425287,31.24827586,25.97413793,28.95114943,38.3183908,24.57988506,33.97643678,27.95402299,17.92873563,19.61954023,0.519712644,37.12011494,28,550
2010,2,Mannar,83.50353933,203.6359551,29.39719101,25.56741573,27.69325843,34.92022472,24.56292135,31.35280899,26.71573034,17.02191011,18.98483146,0.523988764,64.00842697,48,991
2011,1,Mannar,80.09401198,177.4125749,30.11077844,25.41077844,28.09820359,35.82215569,24.21257485,31.92814371,26.48443114,18.24371257,19.53113772,0.533712575,41.03053892,48,991
2011,2,Mannar,81.83180791,191.0548023,29.82881356,25.86440678,28.07175141,35.74237288,24.58135593,32.11525424,27.35367232,17.82259887,19.39378531,0.504971751,54.09378531,14,112
2012,1,Mannar,78.62045455,164.6602273,30.79886364,26.13920455,28.29147727,36.88352273,24.10511364,32.27613636,27.93181818,21.39375,19.81988636,0.510625,40.07670455,8,178
2012,2,Mannar,82.4298324,182.7743017,29.74581006,26.2396648,27.88156425,35.37821229,24.51899441,31.62346369,28.18547486,21.57318436,18.8452514,0.526703911,56.88324022,9,156
2013,1,Mannar,79.792,158.3714286,30.46,26.26685714,28.24457143,36.552,24.32057143,32.26514286,28.22228571,19.24914286,19.36114286,0.512342857,47.344,38,717
2013,2,Mannar,81.27083799,188.2106145,29.65530726,26.12346369,27.68324022,34.96648045,24.10837989,31.0972067,27.75698324,21.77318436,19.29497207,0.538882682,56.58268156,44,806
2014,1,Mannar,78.84643678,154.1856322,31.01896552,25.99252874,28.28793103,37.19022989,24.1183908,32.27356322,27.76034483,19.80114943,19.66551724,0.50045977,42.6137931,11,222
2014,2,Mannar,83.42949721,195.1977654,29.57374302,26.26648045,27.76927374,35.20782123,24.62625698,31.40670391,28.12458101,19.75251397,19.04078212,0.516759777,62.65530726,34,369
2015,1,Mannar,80.19477273,159.9727273,30.66704545,26.11931818,28.20852273,37.12613636,24.36079545,32.23863636,27.73977273,16.98863636,19.75284091,0.512897727,42.53068182,19,383
2015,2,Mannar,83.02944,181.9168,29.9704,26.7552,28.152,36.1176,24.9192,32.3376,28.9728,18.5856,19.4976,0.53064,54.5568,26,516
2016,1,Mannar,79.9012,142.2005714,31.49885714,26.71657143,28.91714286,39.16285714,24.96857143,34.06742857,29.00342857,17.42857143,19.78342857,0.525771429,40.22114286,30,448
2016,2,Mannar,83.20289773,182.5573864,29.81022727,26.52329545,27.95056818,35.91761364,24.75454545,32.04147727,28.44715909,21.05852273,19.80113636,0.515170455,49.67897727,24,491
2017,1,Mannar,79.21034286,164.2571429,30.76514286,26.27942857,28.38171429,37.18342857,24.32057143,32.75771429,28.48628571,20.99371429,19.944,0.519714286,45.788,40,619
2017,2,Mannar,82.62238636,189.2068182,29.90965909,26.78068182,28.15340909,36.10965909,24.85681818,32.54715909,29.28352273,22.13068182,19.87670455,0.5,67.24431818,48,801
2018,1,Mannar,79.25937143,153.6822857,30.73028571,25.81828571,28.12228571,36.91771429,24.052,32.03371429,27.15485714,21.51257143,19.94342857,0.531485714,49.03542857,44,756
2018,2,Mannar,82.94822485,179.3976331,29.37100592,26.44378698,27.74319527,34.66686391,24.50236686,31.2183432,27.84674556,20.19112426,19.88579882,0.51183432,58.71715976,30,590
2009,1,Matale,79.97374269,203.6894737,27.98187135,21.1625731,24.46959064,29.85614035,20.45321637,25.26374269,21.21345029,4.992982456,18.26374269,0.526783626,54.73040936,115,825
2019,2,Matale,83.5000625,215.854375,27.605,21.374375,24.19375,29.4675,21.03875,24.73125,21.374375,5.503125,18.56875,0.48375,69.10375,97,708
2010,1,Matale,81.13789773,189.6914773,29.64090909,21.36534091,25.00568182,32.425,21.20795455,25.84431818,21.37784091,6.268181818,18.90454545,0.523636364,56.51306818,53,412
2010,2,Matale,85.15786517,237.2691011,27.43202247,21.20842697,23.86629213,29.31179775,21.06966292,24.30505618,21.20842697,7.789325843,18.0494382,0.523988764,72.91741573,87,634
2011,1,Matale,82.75304094,191.1643275,28.56374269,20.81754386,24.22222222,30.74678363,20.8251462,24.85087719,20.81754386,7.749122807,18.72690058,0.53251462,59.45672515,60,614
2011,2,Matale,82.00870056,223.8474576,28.2079096,21.03220339,24.23728814,30.13785311,20.75706215,24.74293785,21.03220339,8.033898305,18.65875706,0.504971751,67.70734463,54,430
2012,1,Matale,78.57863636,192.0585227,29.59715909,20.51590909,24.56931818,31.76079545,20.24034091,25.22784091,20.51590909,7.701136364,19.00568182,0.510625,51.40625,56,437
2012,2,Matale,82.53318436,219.3664804,28.37821229,20.99888268,24.26424581,30.43854749,20.85977654,24.80558659,20.99888268,6.252513966,18.28715084,0.526703911,64.76648045,32,295
2013,1,Matale,83.14148571,177.8988571,28.7,21.13714286,24.45028571,31.19485714,21.18457143,25.15371429,21.13714286,7.232,18.75085714,0.512342857,59.40857143,27,264
2013,2,Matale,83.06703911,219.3318436,27.91955307,20.91843575,23.98268156,29.75418994,20.75307263,24.44692737,20.91843575,7.506703911,18.64860335,0.538882682,64.18882682,48,472
2014,1,Matale,78.93356322,180.7758621,29.85229885,21.04655172,24.87241379,32.29597701,20.59252874,25.5816092,21.04655172,7.416666667,19.11034483,0.50045977,53.85287356,56,429
2014,2,Matale,84.99547486,213.6648045,27.64972067,21.44022346,24.07150838,29.68659218,21.22905028,24.55363128,21.44022346,6.287709497,17.86815642,0.516759777,73.60782123,64,381
2015,1,Matale,81.11704545,176.1238636,29.55170455,20.81193182,24.57727273,32.20625,20.81988636,25.33920455,20.81193182,6.205681818,18.99090909,0.512897727,52.00113636,70,452
2015,2,Matale,84.74466292,218.5005618,28.54550562,21.22752809,24.39044944,31.23426966,21.46853933,25.06123596,21.22752809,5.973595506,17.92247191,0.520898876,66.34606742,48,295
2016,1,Matale,79.73862857,184.4405714,30.16114286,21.30342857,25.2,33.00285714,21.08971429,26.07828571,21.30342857,6.234285714,18.96342857,0.525771429,50.77828571,38,297
2016,2,Matale,80.1599435,229.8361582,28.60282486,20.73728814,24.28644068,30.5079096,20.38474576,24.80847458,20.73728814,7.201129944,18.61525424,0.517175141,59.43728814,41,316
2017,1,Matale,80.24596591,191.3590909,29.30681818,20.56477273,24.42215909,31.55852273,20.46477273,25.11590909,20.56477273,5.338068182,19.06193182,0.519147727,50.44204545,35,376
2017,2,Matale,83.32858757,222.9062147,28.12711864,21.42429379,24.39491525,30.38474576,21.19717514,24.9779661,21.42429379,5.444067797,18.84293785,0.501186441,69.58079096,35,301
2018,1,Matale,80.65539773,181.9125,29.39090909,20.85340909,24.57272727,31.80965909,20.71647727,25.23863636,20.85340909,5.813636364,18.87386364,0.528636364,58.81477273,19,182
2018,2,Matale,81.77757396,214.6579882,27.79053254,21.6147929,24.47988166,29.60887574,20.95976331,25.09112426,21.67278107,6.39704142,18.83491124,0.515266272,68.77751479,36,168
2009,1,Matara,81.35454023,196.304023,29.47528736,25.88678161,27.67528736,34.77816092,24.0816092,31.13045977,27.47528736,14.45287356,16.20229885,0.52183908,60.47356322,217,1488
2019,2,Matara,84.68186335,252.8453416,29.00062112,25.80496894,27.31242236,34.20745342,24.45962733,30.33726708,26.73167702,19.98385093,16.40062112,0.486956522,66.7757764,228,1554
2010,1,Matara,82.99369318,192.6744318,30.24261364,25.87670455,28.00795455,37.07670455,24.77215909,32.15170455,27.05738636,25.41079545,15.96875,0.523636364,58.63863636,236,1644
2010,2,Matara,85.27303371,237.0426966,28.95449438,25.44662921,27.04382022,34.20280899,24.30730337,29.70786517,25.94044944,24.47022472,16.13764045,0.523988764,73.44325843,256,1828
2011,1,Matara,84.16918129,199.3134503,29.57076023,25.4,27.39532164,35.57894737,24.42163743,30.8122807,26.55730994,21.08947368,16.62807018,0.53251462,67.02573099,269,1919
2011,2,Matara,84.22548023,212.9841808,29.44632768,25.64463277,27.35932203,35.15649718,24.4,30.55254237,26.57966102,24.53163842,16.48587571,0.504971751,73.57175141,238,2700
2012,1,Matara,82.07914773,196.7920455,30.04261364,25.51363636,27.70056818,36.15625,24.28693182,31.2625,26.62272727,23.31875,16.81363636,0.510625,57.37727273,225,2508
2012,2,Matara,84.68513966,211.9804469,29.42346369,25.49888268,27.33854749,35.25977654,24.47486034,30.5273743,26.22625698,16.72234637,15.7849162,0.526703911,67.24692737,218,2506
2013,1,Matara,83.31434286,193.1217143,30.05542857,25.688,27.79142857,36.58057143,24.63657143,31.55371429,26.63314286,16.26114286,16.13257143,0.512342857,59.044,162,1905
2013,2,Matara,85.0503352,235.3670391,28.90726257,25.45307263,27.07541899,34.02290503,24.29273743,29.73798883,25.9122905,17.44469274,15.95530726,0.538882682,64.65418994,133,1568
2014,1,Matara,75.53908046,167.7821839,32.78218391,23.91034483,27.8316092,37.24195402,22.77701149,30.39425287,24.11206897,25.9045977,10.82011494,0.50045977,48.84885057,188,1275
2014,2,Matara,78.03519553,220.1162011,32.09664804,24.57486034,27.49162011,36.0575419,23.00893855,29.61284916,24.68603352,28.88268156,10.93854749,0.516759777,62.02402235,182,1743
2015,1,Matara,78.39386364,167.5681818,32.29602273,23.69659091,27.51534091,37.43409091,23.175,30.13522727,23.72897727,22.19715909,11.12613636,0.512897727,47.91590909,194,1986
2015,2,Matara,78.60578652,214.6337079,31.72134831,24.43314607,27.43876404,36.54438202,23.17977528,29.77640449,24.45786517,23.91011236,11.04550562,0.520898876,59.22134831,177,1516
2016,1,Matara,72.64734463,164.6096045,33.03389831,24.44519774,28.33446328,37.81186441,22.61242938,31.10564972,24.59152542,22.77909605,13.06553672,0.526610169,49.31525424,207,2326
2016,2,Matara,67.8380226,234.1446328,33.22542373,24.49039548,28.38644068,35.33107345,21.27457627,30.13898305,24.5259887,28.03220339,13.0440678,0.517175141,54.22090395,207,2326
2017,1,Matara,72.01551136,189.2698864,32.05568182,23.65113636,27.79943182,36.09147727,21.88693182,30.12045455,23.72045455,21.61363636,13.04829545,0.519147727,50.08863636,195,1960
2017,2,Matara,80.27553672,238.5841808,32.48644068,24.46214689,28.10225989,37.86553672,24.06779661,31.26779661,24.52881356,26.95875706,12.84180791,0.501186441,62.52259887,168,1654
2018,1,Matara,83.01607955,174.2982955,31.82727273,23.70397727,27.59772727,38.18068182,24.22329545,30.83125,23.70397727,20.94545455,13.15113636,0.528636364,57.15113636,162,1604
2018,2,Matara,83.07786517,222.0595506,32.22022472,24.14438202,27.76123596,38.67022472,24.3005618,30.83314607,24.18033708,24.26853933,11.98426966,0.51494382,58.58202247,138,1403
2009,1,Moneragala,77.85589595,170.7687861,25.66416185,14.45433526,20.46300578,26.19075145,16.0982659,20.63757225,14.45375723,10.14797688,18.09306358,0.524682081,55.2734104,721,8869
2019,2,Moneragala,80.6850625,195.5075,26.126875,14.305625,20.888125,26.645,17.09,21.021875,14.305625,12.98125,16.893125,0.48375,67.3775,755,9307
2010,1,Moneragala,80.54136364,163.0443182,26.59431818,13.99375,21.025,27.69943182,17.24659091,21.27215909,13.99375,11.66875,17.12329545,0.523636364,54.69772727,707,9608
2010,2,Moneragala,82.14983146,199.1320225,25.96067416,13.96123596,20.64213483,26.48314607,17.2258427,20.75561798,13.96123596,14.86853933,15.63033708,0.523988764,71.8758427,743,14506
2011,1,Moneragala,81.94830409,173.5046784,25.73450292,13.4122807,20.3122807,26.34152047,16.81988304,20.4497076,13.39239766,12.94210526,15.16023392,0.53251462,59.53625731,695,10367
2011,2,Moneragala,81.02158192,188.1310734,26.10734463,13.85423729,20.69322034,26.57909605,17.01581921,20.80677966,13.85423729,14.55254237,15.70282486,0.504971751,68.6960452,682,11872
2012,1,Moneragala,76.72477273,168.9113636,26.73011364,12.70965909,20.55,27.36590909,15.91079545,20.70795455,12.70965909,12.25227273,16.26931818,0.510625,55.86420455,594,9114
2012,2,Moneragala,79.98251397,181.4988827,26.26256983,14.05363128,20.83910615,26.71173184,16.91731844,20.94581006,14.05363128,13.92681564,15.49888268,0.526703911,66.41173184,609,8060
2013,1,Moneragala,83.12645714,166.0971429,26.08685714,13.30857143,20.54685714,26.86742857,17.37085714,20.72171429,13.30857143,11.75028571,15.88285714,0.512342857,60.496,552,6826
2013,2,Moneragala,81.5072067,210.3882682,25.7726257,13.29832402,20.42960894,26.20167598,16.91117318,20.52905028,13.29832402,13.48100559,15.38547486,0.538882682,68.48044693,982,13872
2014,1,Moneragala,79.04505747,170.7413793,26.42011494,13.10862069,20.63735632,27.2408046,16.56609195,20.82586207,13.09770115,10.87471264,17.19022989,0.50045977,53.43965517,411,5178
2014,2,Moneragala,82.14022346,202.7329609,25.95251397,14.18715084,20.77374302,26.35977654,17.30223464,20.86815642,14.18715084,12.86256983,16.45083799,0.516759777,69.74916201,427,4959
2015,1,Moneragala,81.97670455,179.4431818,26.26477273,12.92215909,20.19943182,27.11647727,16.78465909,20.38522727,12.92215909,10.04261364,18.13238636,0.512897727,51.29431818,373,4587
2015,2,Moneragala,84.63050562,194.8488764,26.31067416,13.9511236,19.56235955,26.95280899,16.67247191,19.72640449,13.9511236,10.16573034,17.71853933,0.520898876,66.49213483,383,6296
2016,1,Moneragala,78.04342857,166.3285714,27.07942857,13.15485714,19.81885714,28.05942857,15.42057143,20.07657143,13.15485714,11.73542857,18.01485714,0.525771429,51.36114286,365,6075
2016,2,Moneragala,79.12474576,209.1079096,26.86949153,13.45423729,19.44067797,27.4960452,15.32146893,19.60960452,13.45423729,11.11864407,17.98305085,0.517175141,60.02429379,365,6075
2017,1,Moneragala,78.04411429,183.7994286,26.53942857,12.44114286,20.09371429,27.34685714,15.772,20.29942857,12.43828571,9.384571429,17.48857143,0.517485714,51.19085714,303,4597
2017,2,Moneragala,81.94655367,206.2564972,26.35310734,14.3819209,20.96327684,27.08361582,17.50677966,21.13220339,14.3819209,10.46384181,17.18361582,0.501186441,68.48757062,296,3859
2018,1,Moneragala,81.22710227,171.0886364,26.25170455,13.26988636,20.56306818,27.06136364,16.96590909,20.73238636,13.26988636,11.50284091,18.00454545,0.528636364,59.52784091,300,4488
2018,2,Moneragala,81.0445614,194.1888889,25.50526316,15.31754386,21,25.93040936,17.36081871,21.09590643,15.31754386,11.00175439,17.97660819,0.517134503,66.79298246,257,3937
2009,1,Mullativu,72.10605096,150.3929936,31.21401274,26.38089172,29.10509554,36.25350318,23.21273885,32.70764331,27.90063694,7.17133758,19.35732484,0.528598726,50.24458599,0,0
2019,2,Mullativu,76.95012987,183.0818182,31.87337662,25.75584416,28.95909091,37.8461039,24.15194805,32.71363636,26.75324675,7.545454545,19.66168831,0.475324675,58.17792208,0,0
2010,1,Mullativu,75.4752907,153.2360465,33.00988372,25.18895349,29.32209302,39.64883721,24.15988372,33.94709302,26.49593023,9.039534884,19.14011628,0.520523256,49.86104651,0,0
2010,2,Mullativu,78.42511628,199.425,31.86918605,25.21627907,28.48604651,37.51162791,24.02906977,31.84360465,25.83953488,8.499418605,19.75872093,0.513953488,66.77383721,0,0
2011,1,Mullativu,78.03058065,167.4845161,31.67677419,24.94322581,28.44967742,37.03032258,23.91096774,32.03032258,25.74774194,6.210967742,19.84516129,0.524064516,50.01483871,29,787
2011,2,Mullativu,75.79229814,197.947205,32.05714286,25.2136646,28.74285714,37.33913043,23.67701863,32.11304348,25.8931677,5.659627329,19.95279503,0.491428571,57.62111801,17,264
2012,1,Mullativu,73.99386364,160.9130682,32.61193182,24.71818182,28.97670455,38.07556818,23.49034091,32.70681818,25.83352273,8.215340909,19.75511364,0.510625,43.03181818,42,803
2012,2,Mullativu,75.38602273,183.7039773,32.45852273,25.36193182,29.03465909,37.58693182,23.79318182,32.48068182,26.12670455,7.217045455,19.51590909,0.528238636,55.29090909,68,1574
2013,1,Mullativu,77.94434286,157.7685714,31.65542857,24.728,28.428,37.14,23.91371429,32.10971429,25.49485714,9.182285714,19.76914286,0.512342857,50.93257143,89,1664
2013,2,Mullativu,76.42189944,206.573743,31.70335196,24.78435754,28.32178771,36.39385475,23.42122905,31.24581006,25.32625698,10.26815642,19.85698324,0.538882682,55.90502793,124,1372
2014,1,Mullativu,75.06023669,154.7047337,32.34911243,24.62544379,28.68224852,37.29171598,23.39881657,32.06390533,25.51242604,8.010650888,19.71656805,0.501065089,47.0408284,0,0
2014,2,Mullativu,77.70146067,201.308427,31.51067416,25.16460674,28.35505618,36.10449438,23.67022472,31.25337079,25.78089888,7.748876404,19.02134831,0.518651685,67.57640449,0,0
2015,1,Mullativu,76.55741379,147.3304598,31.93218391,25.20747126,28.72471264,37.86954023,23.90862069,32.89942529,27.02011494,6.644827586,19.49482759,0.512701149,50.15114943,,
2015,2,Mullativu,73.96409357,202.4643275,32.16549708,27.35380117,29.90760234,38.37426901,24.47777778,34.77426901,30.47017544,8.369590643,19.38362573,0.52128655,63.34795322,0,0
2016,1,Mullativu,72.27,156.733908,32.91781609,27.63333333,30.5591954,39.83103448,24.7183908,36.49770115,31.71896552,4.737356322,19.95977011,0.527183908,50.74367816,28,280
2016,2,Mullativu,69.4004,213.6377143,32.69771429,27.49371429,30.31085714,38.17714286,23.69485714,34.77485714,30.52057143,4.140571429,19.95771429,0.515771429,58.56114286,7,243
2017,1,Mullativu,74.53264706,161.66,32.56705882,25.28647059,29.03588235,38.14705882,23.67176471,33.00882353,26.41588235,3.92,19.99647059,0.515352941,46.30117647,18,129
2017,2,Mullativu,78.40610465,204.7598837,31.81104651,25.55755814,28.64011628,37.63488372,24.1622093,32.21569767,26.5255814,3.355813953,19.96104651,0.494825581,64.20872093,27,359
2018,1,Mullativu,76.84227273,148.6261364,32.01590909,24.15340909,28.27840909,37.46761364,23.50284091,31.71647727,24.82329545,3.421590909,20,0.528636364,51.45738636,33,550
2018,2,Mullativu,74.27921429,198.88,32.24142857,26.02357143,29.11928571,37.56642857,23.67928571,32.72357143,27.27642857,3.551428571,20,0.513071429,60.53071429,42,719
2009,1,Nuwaraeliya,81.28867925,191.1710692,19.56666667,12.77421384,16.03773585,19.57484277,12.51257862,16.08616352,12.77421384,13.20628931,17.82955975,0.524779874,58.77358491,38,200
2019,2,Nuwaraeliya,89.00892405,213.843038,18.56518987,13.7943038,15.92025316,18.56455696,13.99303797,15.96012658,13.7943038,15.69810127,16.45126582,0.477848101,74.65443038,42,221
2010,1,Nuwaraeliya,81.77302857,172.3857143,20.73314286,13.38914286,16.75542857,20.77828571,13.19142857,16.80857143,13.38914286,14.268,18.24,0.525028571,56.02285714,17,99
2010,2,Nuwaraeliya,89.09247191,231.1668539,18.56067416,13.70842697,15.75337079,18.56685393,13.86460674,15.79550562,13.70842697,18.02359551,17.25786517,0.523988764,75.13764045,17,99
2011,1,Nuwaraeliya,83.99662722,193.6538462,19.76804734,12.88698225,16,19.76804734,13.03372781,16.03668639,12.86686391,14.98461538,17.5408284,0.527278107,61.20414201,9,224
2011,2,Nuwaraeliya,87.17542373,224.2576271,18.9559322,13.4519774,15.83050847,18.9559322,13.53050847,15.87062147,13.4519774,15.6079096,17.49435028,0.504971751,71.64293785,9,235
2012,1,Nuwaraeliya,78.49582857,195.0897143,20.428,12.11028571,15.99257143,20.432,11.78914286,16.02914286,12.08742857,11.43828571,19.192,0.513314286,55.71085714,42,1496
2012,2,Nuwaraeliya,85.88573034,215.6713483,19.14269663,13.61910112,15.99719101,19.1752809,13.43707865,16.04269663,13.61910112,14.73707865,17.58314607,0.526853933,69.48539326,52,786
2013,1,Nuwaraeliya,86.73274854,176.9105263,19.93274854,12.77192982,16.0877193,19.92865497,13.67309942,16.12807018,12.77192982,11.42807018,17.53508772,0.51374269,62.36315789,28,394
2013,2,Nuwaraeliya,88.36443182,224.5585227,18.64431818,12.96988636,15.47897727,18.68068182,13.46875,15.52386364,12.96988636,14.97727273,15.98806818,0.541079545,74.14829545,9,235
2014,1,Nuwaraeliya,80.5145614,172.6760234,20.59473684,12.61578947,16.23684211,20.59415205,12.50233918,16.28070175,12.61052632,10.25614035,17.9994152,0.505789474,51.87426901,59,286
2014,2,Nuwaraeliya,88.62692737,217.6698324,18.95698324,13.87821229,15.9396648,18.95698324,13.94357542,15.98882682,13.87821229,13.83463687,15.70223464,0.516759777,75.3,63,253
2015,1,Nuwaraeliya,83.20982036,177.0161677,20.15209581,12.41137725,16.00958084,20.15688623,12.87664671,16.0491018,12.40479042,9.165868263,17.68083832,0.518982036,53.08622754,62,245
2015,2,Nuwaraeliya,88.7552795,218.8161491,19.43726708,13.94906832,16.26149068,19.47763975,14.32857143,16.30496894,13.94906832,10.64658385,17.14534161,0.526708075,71.12236025,62,245
2016,1,Nuwaraeliya,81.0370625,174.075625,20.778125,13.303125,16.68625,20.80625,12.925625,16.739375,13.303125,11.850625,17.51375,0.5264375,55.661875,72,424
2016,2,Nuwaraeliya,85.4754491,234.2413174,18.99580838,13.52694611,15.83053892,19.02335329,13.24011976,15.8742515,13.52694611,11.71257485,17.67904192,0.513532934,65.30179641,72,424
2017,1,Nuwaraeliya,79.28017647,192.2447059,20.66352941,11.96411765,15.91764706,20.74411765,11.77352941,15.97117647,11.96058824,9.675882353,16.73352941,0.518470588,55.27058824,65,772
2017,2,Nuwaraeliya,88.08735632,233.3494253,19.27068966,14.02643678,16.20402299,19.27011494,14.13218391,16.24482759,14.02643678,10.75632184,16.63045977,0.503103448,75.78333333,7,476
2018,1,Nuwaraeliya,83.57276471,178.2494118,20.05588235,12.91764706,16.15058824,20.06882353,13.04411765,16.19294118,12.91764706,12.05235294,18.17176471,0.532058824,61.43529412,4,57
2018,2,Nuwaraeliya,86.92878205,213.3358974,19.12628205,13.925,16.18589744,19.1974359,13.86858974,16.24294872,13.925,12.31923077,18.01730769,0.518333333,73.31666667,11,109
2009,1,Polonnaruwa,77.5154023,164.8747126,29.96896552,24.48045977,27.22011494,34.13678161,22.7137931,29.43505747,24.61149425,7.187356322,18.73735632,0.52183908,51.81896552,213,1947
2019,2,Polonnaruwa,77.53726708,199.247205,30.56708075,24.68012422,27.35403727,34.48695652,22.81614907,29.12360248,24.68012422,8.295652174,18.23167702,0.48378882,65.21925466,268,3397
2010,1,Polonnaruwa,78.07477273,156.0602273,31.55568182,24.70681818,27.75397727,36.83238636,23.36818182,30.53238636,24.81193182,7.559659091,18.73522727,0.523636364,53.14375,212,2214
2010,2,Polonnaruwa,80.94095506,224.5005618,30.16235955,24.35786517,26.7758427,34.35449438,23.04775281,28.4505618,24.35786517,7.879213483,18.37022472,0.523988764,69.1505618,310,3211
2011,1,Polonnaruwa,80.38906433,166.0695906,30.39298246,24.18947368,26.91754386,34.42339181,23.02807018,28.87309942,24.2245614,8.19005848,18.20701754,0.53251462,59.16959064,307,3561
2011,2,Polonnaruwa,78.4520904,211.1480226,30.80282486,24.38926554,27.16158192,34.80677966,22.85141243,28.93446328,24.38926554,8.43559322,18.38870056,0.504971751,65.37514124,154,1968
2012,1,Polonnaruwa,76.32039773,159.0329545,31.37954545,24.175,27.41306818,35.57613636,22.63238636,29.47102273,24.26875,9.03125,18.72272727,0.510625,51.19034091,160,1997
2012,2,Polonnaruwa,77.60932961,209.3150838,31.03631285,24.4603352,27.2877095,34.79608939,22.72402235,28.97150838,24.4603352,8.611173184,18.32122905,0.526703911,63.2547486,150,1960
2013,1,Polonnaruwa,79.28297143,162.4194286,30.70514286,24.53257143,27.26571429,35.29942857,23.18114286,29.53371429,24.55542857,8.410285714,19.05942857,0.512342857,60.68228571,137,1646
2013,2,Polonnaruwa,77.96765363,207.9251397,30.60111732,24.28826816,26.99050279,34.43240223,22.6,28.60949721,24.28826816,8.772067039,19.67988827,0.538882682,65.99497207,231,2314
2014,1,Polonnaruwa,77.48201149,150.2195402,31.33448276,24.35747126,27.42183908,35.74597701,22.88850575,29.69022989,24.47068966,8.161494253,19.68793103,0.50045977,54.51666667,152,2025
2014,2,Polonnaruwa,80.17458101,203.8162011,30.39050279,24.52793296,27.0273743,34.31117318,23.07039106,28.76815642,24.52793296,9.046927374,19.2122905,0.516759777,68.26480447,160,2149
2015,1,Polonnaruwa,78.99681818,147.4630682,31.07613636,24.17556818,27.29318182,35.84034091,23.12556818,29.56875,24.20852273,8.322727273,19.63977273,0.512897727,51.59147727,136,1779
2015,2,Polonnaruwa,80.32932584,199.4657303,30.82078652,24.73820225,27.38539326,35.55,23.47696629,29.54438202,24.75280899,8.340449438,19.30224719,0.520898876,62.34494382,132,2385
2016,1,Polonnaruwa,77.14056818,145.5903409,31.65340909,25.06534091,28.03579545,36.67897727,23.43863636,30.90852273,25.21136364,8.223863636,19.70056818,0.526306818,49.68579545,135,1719
2016,2,Polonnaruwa,75.84711864,214.7491525,31.15988701,24.53446328,27.38644068,34.9259887,22.48587571,29.14745763,24.56101695,8.857627119,19.6180791,0.517175141,55.89096045,113,1572
2017,1,Polonnaruwa,77.06363636,167.6335227,31.22784091,24.19772727,27.38011364,35.53636364,22.76193182,29.73636364,24.33011364,6.816477273,19.73636364,0.519147727,47.84602273,103,1400
2017,2,Polonnaruwa,80.44502825,216.3621469,30.57175141,24.57457627,27.11412429,35.05028249,23.25141243,29.08474576,24.61920904,6.159322034,19.56553672,0.501186441,65.48135593,97,1319
2018,1,Polonnaruwa,78.89056818,162.3579545,30.78863636,24.01306818,27.03068182,35.11420455,22.83863636,29.04829545,24.01306818,6.176704545,19.65,0.528636364,57.31079545,87,1180
2018,2,Polonnaruwa,78.63082353,202.8141176,30.11764706,24.83117647,27.16235294,33.88529412,22.90941176,29,25.01529412,7.534705882,19.46823529,0.514411765,64.78176471,102,1369
2009,1,Puttalam,82.02621951,186.2640244,30.46707317,25.10792683,27.76280488,36.78353659,24.19817073,31.975,27.17378049,12.6347561,22.77621951,0.531768293,57.2054878,156,1553
2019,2,Puttalam,81.81698718,190.5814103,30.59679487,25.56474359,27.78589744,36.27948718,24.24166667,31.25064103,27.21987179,13.99807692,22.70320513,0.474102564,67.99230769,139,1195
2010,1,Puttalam,80.64727273,176.5403409,31.95113636,24.98579545,28.26420455,39.11761364,24.37613636,32.73409091,26.56590909,13.49318182,22.76477273,0.523636364,55.05909091,158,1914
2010,2,Puttalam,83.16544944,204.8938202,29.98258427,25.47921348,27.38876404,35.32078652,24.16685393,30.41910112,26.56910112,13.85505618,22.32247191,0.523988764,74.6747191,208,1943
2011,1,Puttalam,82.47380117,186.0216374,30.63040936,24.67777778,27.42748538,36.57368421,24.00292398,30.78538012,25.92280702,13.86081871,22.44269006,0.53251462,57.0994152,216,2230
2011,2,Puttalam,81.12378531,195.3180791,30.68587571,25.56779661,27.78531073,36.40734463,24.11073446,31.28418079,27.17118644,15.83276836,22.79435028,0.504971751,66.77514124,238,2252
2012,1,Puttalam,78.88297143,170.3777143,31.524,24.724,27.86914286,37.19257143,23.62742857,31.26,25.956,14.89885714,22.87085714,0.513428571,55.12457143,193,3109
2012,2,Puttalam,80.27213483,183.9870787,30.68033708,25.59269663,27.81348315,35.92078652,23.93089888,31.03651685,27.0752809,14.96235955,22.90617978,0.528258427,69.7,82,898
2013,1,Puttalam,81.84697143,174.3697143,31.14342857,24.88457143,27.72971429,37.424,24.16571429,31.39257143,26.09657143,10.96514286,26.34171429,0.512342857,56.65028571,62,719
2013,2,Puttalam,82.22050279,197.6837989,30.36759777,25.18715084,27.43798883,35.83854749,23.99553073,30.56312849,26.1849162,14.15251397,26.82234637,0.538882682,66.50502793,61,756
2014,1,Puttalam,80.52818713,163.7818713,31.87251462,24.7502924,28.01988304,38.5497076,24.09415205,31.95730994,26.13450292,12.27309942,27.74093567,0.503157895,51.11754386,90,575
2014,2,Puttalam,85.09858757,202.219209,30.20734463,25.49265537,27.50112994,36.31129944,24.64745763,31.01073446,27.11016949,13.42768362,27.1079096,0.518135593,71.97853107,128,901
2015,1,Puttalam,81.36409091,168.6284091,31.51193182,24.44715909,27.73068182,37.84659091,24.02102273,31.26534091,25.24602273,11.05965909,27.74147727,0.512897727,52.60056818,127,915
2015,2,Puttalam,83.74208333,185.8279762,30.87202381,25.64285714,27.89583333,37.5047619,24.75119048,31.70357143,27.27738095,11.66071429,27.69404762,0.519642857,70.19642857,95,843
2016,1,Puttalam,81.78942857,176.2777143,32.14114286,25.08457143,28.31371429,39.65828571,24.67942857,32.67314286,26.22,9.938285714,27.62857143,0.525771429,50.94171429,129,1469
2016,2,Puttalam,81.29355932,215.740113,30.72824859,25.38305085,27.71977401,36.60169492,24.07288136,31.17344633,26.70508475,9.904519774,27.73389831,0.517175141,62.61920904,129,1469
2017,1,Puttalam,79.35751479,192.8254438,31.79289941,25.15088757,28.23431953,38.33786982,24.10118343,32.41952663,26.95680473,9.063313609,27.84556213,0.52183432,50.15739645,87,915
2017,2,Puttalam,82.78276836,212.440113,30.71186441,25.79661017,27.88305085,36.83220339,24.54180791,31.70677966,27.77118644,8.391525424,27.88361582,0.501186441,65.88983051,56,876
2018,1,Puttalam,81.38076923,183.1331361,31.29349112,24.11420118,27.48934911,37.44023669,23.79585799,30.79940828,24.77159763,9.366863905,22.70591716,0.531775148,51.28934911,30,399
2018,2,Puttalam,82.84150943,206.954717,30.07044025,25.42767296,27.46477987,35.41194969,24.13899371,30.40251572,26.2245283,10.50440252,19.80251572,0.518113208,56.44968553,56,727
2009,1,Ratnapura,81.58354651,215.0040698,30.47209302,23.71860465,26.92732558,35.28430233,23.15174419,28.98197674,23.80348837,7.49127907,14.7372093,0.523372093,63.68197674,267,1439
2019,2,Ratnapura,86.13509677,224.8974194,29.79419355,23.75677419,26.24709677,34.53935484,23.56,27.84645161,23.75677419,9.030322581,15.05935484,0.475870968,73.37612903,260,1373
2010,1,Ratnapura,84.70360465,195.2796512,31.67732558,23.91395349,27.01162791,37.56627907,23.89883721,29.18197674,23.93313953,8.088953488,12.66453488,0.520581395,65.87906977,270,1520
2010,2,Ratnapura,86.40738636,242.3306818,29.81079545,23.62159091,25.97670455,34.40625,23.36022727,27.32329545,23.62159091,9.216477273,13.37159091,0.525625,76.43920455,261,1543
2011,1,Ratnapura,85.81794872,215.0929487,30.87371795,23.40128205,26.34935897,36.06346154,23.54615385,28.11794872,23.40128205,6.535897436,14.7275641,0.542948718,67.64166667,207,1292
2011,2,Ratnapura,85.27911392,237.6075949,30.57278481,23.58227848,26.38797468,35.53987342,23.49620253,28.01075949,23.58227848,6.477848101,16.04367089,0.483227848,68.13797468,270,1768
2012,1,Ratnapura,81.4249375,213.22125,32.043125,23.4825,26.935,36.99375,23.11375,28.791875,23.4825,6.94125,17.195625,0.5231875,55.3675,210,1391
2012,2,Ratnapura,85.3125641,228.4685897,30.61666667,23.42884615,26.31346154,35.60961538,23.42628205,27.86217949,23.42884615,7.269230769,15.9974359,0.514487179,64.00384615,212,2671
2013,1,Ratnapura,85.99047337,196.3272189,31.18639053,23.6112426,26.55088757,36.58994083,23.7443787,28.35029586,23.63431953,7.820118343,10.20887574,0.504023669,61.87218935,166,1376
2013,2,Ratnapura,85.99644068,225.1559322,30.02655367,23.44915254,26.06384181,34.55254237,23.33954802,27.37344633,23.44915254,10.21129944,11.71977401,0.541920904,68.49661017,101,1402
2014,1,Ratnapura,83.12092593,185.4691358,31.99691358,23.53950617,26.88148148,37.21296296,23.4191358,28.79506173,23.55555556,10.26111111,10.23641975,0.49808642,57.34135802,210,2566
2014,2,Ratnapura,87.2461039,239.9064935,29.97857143,23.57012987,26.08376623,34.93181818,23.62142857,27.5,23.57012987,9.325324675,11.05064935,0.513181818,73.53506494,292,2664
2015,1,Ratnapura,84.21957831,195.2349398,32.06746988,23.34578313,26.74337349,37.33313253,23.50662651,28.63614458,23.34578313,7.257831325,10.68313253,0.515,55.24036145,366,3327
2015,2,Ratnapura,87.33335329,223.2491018,30.69041916,23.76706587,26.45389222,36.50299401,23.98982036,28.26467066,23.76706587,7.618562874,10.72874251,0.513892216,65.61197605,350,3109
2016,1,Ratnapura,84.54988439,205.600578,32.28786127,24.02485549,27.21907514,38.26069364,24.05953757,29.53988439,24.02485549,7.952023121,9.851445087,0.527456647,61.38092486,374,3341
2016,2,Ratnapura,82.6633121,262.9522293,30.68917197,23.73630573,26.62356688,35.23312102,23.16242038,28.25095541,23.75286624,9.32611465,10.60509554,0.488917197,67.53375796,374,3341
2017,1,Ratnapura,83.94116564,213.1355828,31.79202454,23.32331288,26.73006135,37.11165644,23.41288344,28.6196319,23.32331288,7.190184049,7.528220859,0.516257669,57.35337423,214,2641
2017,2,Ratnapura,86.60288136,250.7118644,29.89435028,23.63220339,26.24689266,34.72824859,23.64350282,27.80677966,23.63220339,7.727118644,7.409039548,0.501186441,72.89774011,153,1906
2018,1,Ratnapura,85.10789773,211.6630682,31.45909091,23.26647727,26.39318182,36.66193182,23.36818182,28.01704545,23.26647727,7.2375,6.251704545,0.528636364,63.68409091,135,1466
2018,2,Ratnapura,83.96497076,238.6315789,29.5374269,23.79356725,26.3877193,33.65906433,23.23918129,27.93684211,23.94210526,10.3,7.305847953,0.517134503,72.97368421,127,1577
2009,1,Trincomalee,76.61097701,169.4155172,30.4316092,25.88390805,27.9816092,35.41551724,23.29367816,30.95804598,26.71609195,10.98103448,19.64367816,0.52183908,61.01149425,87,829
2019,2,Trincomalee,74.4904375,212.000625,31.989375,25.66875,28.473125,36.5675,23.096875,30.989375,25.91625,14.17,19.06,0.4805625,70.426875,94,1024
2010,1,Trincomalee,75.885,159.5301136,32.29375,25.97670455,28.66477273,38.42045455,23.79659091,32.42443182,27.13068182,11.97897727,19.86875,0.523636364,58.78522727,75,785
2010,2,Trincomalee,79.01741573,233.5882022,31.63089888,24.88876404,27.62752809,36.65505618,23.38764045,29.9005618,24.94325843,13.22752809,18.98820225,0.523988764,74.85674157,104,822
2011,1,Trincomalee,79.48432749,171.9204678,31.15263158,25.28070175,27.74736842,36.26783626,23.62807018,30.49766082,25.67426901,13.10818713,19.1497076,0.53251462,65.64853801,56,708
2011,2,Trincomalee,77.79096045,214.8875706,32.25254237,25.16271186,27.92146893,37.3700565,23.3519774,30.37062147,25.22824859,15.00338983,19.40451977,0.504971751,72.36271186,62,779
2012,1,Trincomalee,74.11045455,163.8090909,32.25965909,25.59772727,28.37670455,37.40738636,23.05965909,31.18693182,26.06306818,13.77670455,19.88409091,0.510625,63.61818182,92,1161
2012,2,Trincomalee,76.12329609,205.0916201,32.64189944,25.29888268,28.17150838,37.1122905,23.10782123,30.50223464,25.46815642,14.79162011,19.43407821,0.526703911,72.85977654,96,1447
2013,1,Trincomalee,77.64862857,164.9771429,31.32685714,25.77542857,28.08057143,36.93942857,23.63085714,31.21714286,26.51485714,11.54514286,19.54914286,0.512342857,71.44514286,101,824
2013,2,Trincomalee,75.87430168,213.2480447,32.00949721,25.23854749,27.93575419,36.51899441,22.98994413,30.22234637,25.34916201,13.03854749,19.80670391,0.538882682,77.16815642,87,907
2014,1,Trincomalee,76.28603448,158.3402299,31.91321839,25.75977011,28.30689655,37.39655172,23.49655172,31.49655172,26.69827586,11.44425287,19.84137931,0.50045977,64.79252874,55,448
2014,2,Trincomalee,78.08910615,217.5407821,31.98044693,25.34581006,28.10111732,36.92290503,23.54078212,30.72458101,25.88212291,16.98100559,19.4849162,0.516759777,63.97039106,61,565
2015,1,Trincomalee,77.91323864,175.6153409,31.75056818,25.13522727,28.12840909,37.58352273,23.69772727,31.24943182,25.51931818,12.96988636,19.82784091,0.512897727,51.62784091,43,380
2015,2,Trincomalee,78.90814607,192.3174157,32.22134831,25.51797753,28.33764045,38.18876404,23.99438202,31.56348315,26.06797753,13.22865169,19.63089888,0.520898876,59.3,48,684
2016,1,Trincomalee,75.99369318,157.9835227,31.95170455,26.05113636,28.79431818,37.96477273,23.96363636,32.83465909,27.43522727,12.60852273,19.87329545,0.526306818,48.45965909,68,1011
2016,2,Trincomalee,73.85497175,236.1101695,32.35084746,25.3519774,28.24745763,36.57740113,22.7559322,30.62259887,25.61016949,13.55706215,19.87288136,0.517175141,55.54519774,65,1306
2017,1,Trincomalee,75.1316,180.9468571,32.00914286,25.36685714,28.39428571,37.10571429,23.28114286,31.62742857,26.232,13.10742857,19.83085714,0.517485714,50.99828571,49,1065
2017,2,Trincomalee,79.55231638,226.0418079,31.54011299,25.31186441,27.87853107,36.84237288,23.74689266,30.61186441,25.67683616,12.35819209,19.46723164,0.501186441,74.47627119,56,1136
2018,1,Trincomalee,78.56954545,186.1232955,31.10454545,24.94772727,27.77954545,36.66534091,23.52386364,30.69488636,25.28977273,11.97897727,19.66875,0.528636364,64.94318182,24,240
2018,2,Trincomalee,77.20790419,212.0556886,31.31676647,25.61796407,28.02934132,35.77185629,23.34550898,30.63652695,26.13113772,11.58143713,19.15628743,0.514431138,65.49401198,44,1277
2009,1,Vavuniya,77.36678571,150.4130952,30.9922619,24.60595238,27.79821429,35.97261905,23.1547619,30.58511905,25.05119048,7.530952381,18.11130952,0.525416667,47.07440476,83,900
2019,2,Vavuniya,80.3353125,186.994375,31.59375,24.86375,27.811875,37.450625,23.83,30.45875,24.89625,8.186875,17.860625,0.4813125,57.79625,10,108
2010,1,Vavuniya,79.70795455,151.5403409,32.77897727,24.48409091,28.08011364,39.37954545,23.93409091,31.59886364,24.8875,9.159659091,17.72159091,0.523636364,47.43295455,21,229
2010,2,Vavuniya,82.43280899,202.1662921,31.55505618,24.52921348,27.29550562,37.09157303,23.77078652,29.56067416,24.52921348,8.629213483,18.03089888,0.523988764,65.88314607,56,878
2011,1,Vavuniya,81.64666667,167.6128655,31.5,24.31871345,27.3754386,36.8245614,23.68538012,30.00292398,24.47251462,6.843274854,17.73040936,0.53251462,51.35321637,40,564
2011,2,Vavuniya,80.49090395,203.2785311,31.73050847,24.60451977,27.5259887,37.03615819,23.57570621,29.83559322,24.60451977,6.990960452,17.85141243,0.504971751,59.00734463,62,1419
2012,1,Vavuniya,78.08676136,156.9977273,32.52386364,24.17272727,27.90738636,38.07386364,23.41818182,30.82159091,24.56704545,10.25,18.30284091,0.510625,41.52613636,75,2462
2012,2,Vavuniya,79.34899441,191.8301676,32.2877095,24.80949721,27.95530726,37.44357542,23.68659218,30.55977654,24.89385475,10.03351955,17.95810056,0.526703911,55.40614525,92,908
2013,1,Vavuniya,80.88,156.8851429,31.58514286,24.396,27.62514286,37.15028571,23.80971429,30.59542857,24.61542857,10.52171429,18.92914286,0.512342857,50.644,86,853
2013,2,Vavuniya,79.73055866,201.5212291,31.61620112,24.35530726,27.42569832,36.38994413,23.33296089,29.55083799,24.38603352,11.46927374,19.80335196,0.538882682,55.86480447,106,1045
2014,1,Vavuniya,78.9133908,144.6850575,32.2954023,24.12356322,27.68218391,37.27988506,23.3408046,30.41034483,24.55344828,9.186206897,19.74827586,0.50045977,46.03103448,10,103
2014,2,Vavuniya,81.22765363,193.526257,31.44469274,24.77988827,27.52402235,36.12569832,23.6877095,29.78826816,24.90111732,9.658100559,19.10726257,0.516759777,66.30614525,0,0
2015,1,Vavuniya,80.56460227,142.9670455,31.87443182,24.37386364,27.64488636,37.87613636,23.75852273,30.71761364,24.96420455,8.339772727,19.58181818,0.512897727,47.87727273,56,614
2015,2,Vavuniya,81.2597191,194.894382,31.87865169,25.52808989,28.0252809,38.01292135,24.27134831,31.10842697,26.08988764,9.107303371,19.48764045,0.520898876,60.47752809,33,296
2016,1,Vavuniya,79.07539773,150.76875,32.79943182,25.68125,28.62386364,39.78579545,24.40681818,32.75909091,26.76818182,8.268181818,19.90170455,0.526306818,46.33352273,0,0
2016,2,Vavuniya,77.33225989,197.8898305,32.56836158,25.35649718,28.15536723,38.11581921,23.49887006,30.87118644,25.58418079,9.337288136,19.91016949,0.517175141,54.05480226,52,592
2017,1,Vavuniya,78.82278409,153.9113636,32.41022727,24.47443182,27.85340909,37.99602273,23.53238636,31.04772727,24.97897727,7.664204545,19.95056818,0.519147727,43.18636364,45,553
2017,2,Vavuniya,81.9379096,200.3830508,31.68700565,24.94124294,27.70960452,37.58757062,24.07683616,30.4740113,25.2700565,8.024858757,19.87966102,0.501186441,62.31242938,83,1376
2018,1,Vavuniya,80.57522727,144.4715909,31.95681818,23.68977273,27.33011364,37.49602273,23.43125,29.95454545,23.81931818,7.046022727,19.93579545,0.528636364,49.61590909,86,915
2018,2,Vavuniya,79.75135802,186.6666667,31.60740741,25.11481481,27.80185185,36.72530864,23.67345679,30.32716049,25.30802469,7.187037037,19.87592593,0.507962963,59.93395062,75,742
